building_id_espm,facility_name,warehouse_unrefrigerated,current_total_site_energy,energy_star_application_status,bbl10,warehouse_unrefrigerated_2,facility_type,hospital_laundry_facility,hotel_quantity_of_laundry,retail_percent_cooled,multifamily_home_primary,national_median_site_eui,city,emissions_factor_kg_co2e,retail_workers_density,current_source_energy,current_energy_period_ending,senior_care_facility_percent,current_rating_1_100,other_workers_on_main_shift,retail_open_closed_refrig,total_indoor_and_outdoor,borough,release_date,data_center_it_energy,current_indirect_ghg_emissions,district_steam_use_kbtu,hotel_gross_floor_area_sq,chilled_water_absorption,electricity_use_kwh,k_12_school_gross_floor_area,natural_gas_use_kbtu,supermarkets_grocery_number,temporary_data_flag_diesel,office_workers_density,outdoor_water_use_kgal,multifamily_home_laundry,retail_number_of_open_or,current_site_energy_intensity,hospital_laboratory_y_1_n,current_site_ups_output_energy,supermarkets_grocery_walk,multifamily_home_percent,current_source_it_energy,indoor_water_use_per_sq_ft,supermarkets_grocery_workers,multifamily_home_total_number,latitude,hotel_onsite_laundry_short
3128193,Houston St,,8807150.2,No Status Available,1005280001,,Multifamily Housing,,,,,,New York,,,187.2,2011-12-31T00:00:00.000,,0,,,,MANHATTAN,2012-05-01T16:20:37.000,,180.51,,,,563500.0,,301100.0,,,,,,,123.2,,,,,,,,,40.728435,
2669668,583-587 Broadway,,11310391.6,No Status Available,1005127501,,Multifamily Housing,,,100.0,Natural Gas,,New York,,0.44,220.0,2011-12-31T00:00:00.000,,0,,0.09,,MANHATTAN,2012-04-30T09:26:10.000,,728.77,,,,2274962.5,,3548219.62,,,,,0.0,1.0,83.9,,,,100.0,,,,58.0,40.724694,
2676431,(7406) - The Downtown Club Condominium,,17499146.0,No Status Available,1000157502,,Multifamily Housing,,,100.0,District Steam,,New York,,1.0,173.6,2011-12-31T00:00:00.000,,0,,0.0,,MANHATTAN,2012-05-01T17:59:33.000,,1477.37,8455522.84,,,2527927.3,,418335.27,,,,,18.0,0.0,76.9,,,,100.0,,,,283.0,40.706358,
3114290,25th Stree,,4885195.2,No Status Available,1006970013,,Office,,,,,68.0,New York,,,90.8,2011-12-31T00:00:00.000,,0,20.0,,,MANHATTAN,2012-07-31T11:11:05.000,,446.06,,,,1392430.6,,134222.0,,,2.3,,,,27.7,,,,,,,,,40.749364,
2809195,780 Greenwich Street,,6158791.4,No Status Available,1006350026,,Multifamily Housing,,,,,,New York City,,,134.1,2011-12-31T00:00:00.000,,0,,,,MANHATTAN,2012-04-27T19:32:17.000,,122.31,,,,381797.0,,4856100.0,,,,,,,87.5,,,,,,,,,40.73676,
2682647,(8084) - 59 West 12 Street,,9098009.1,No Status Available,1005767502,,Multifamily Housing,,,,"Fuel Oil (No. 5 and No. 6), District Hot Water",,Manhattan,,,107.5,2011-12-31T00:00:00.000,,0,,,,MANHATTAN,2012-05-01T17:59:33.000,,213.18,,,,665472.7,,150545.82,,,2.29,,18.0,,67.5,,,,0.0,,,,95.0,40.73564,
2685844,DEPM 1802 - 70 East 10th St,,35894612.7,No Status Available,1005550001,,Multifamily Housing,,,100.0,Fuel Oil (No. 5 and No. 6),,New York,,1.0,120.1,2011-12-31T00:00:00.000,,0,,0.0,,MANHATTAN,2012-04-30T08:06:30.000,,977.53,,,,3051509.7,,,,,2.3,,47.0,0.0,71.2,,,,0.0,,,,612.0,40.731413,
3002051,27 East 13,,,No Status Available,1005710025,,Multifamily Housing,,,100.0,Natural Gas,,New York,,0.36,,2010-11-30T00:00:00.000,,0,,0.24,,MANHATTAN,2012-04-30T16:52:58.000,,,,,,,,,,,,,3.0,2.0,,,,,80.0,,,,13.0,40.734759,
2641248,156-168 Ea,,5286816.2,No Status Available,1003980008,,Multifamily Housing,,,,,,New York,,,144.8,2011-12-31T00:00:00.000,,0,,,,MANHATTAN,2012-05-02T16:39:08.000,,110.96,,,,346384.0,,152526.0,,,,,,,94.5,,,,,,,,,40.723365,
3114461,The Caledo,,71322401.3,No Status Available,1007147501,,Multifamily Housing,,,,Natural Gas,,New York,,,282.4,2011-12-31T00:00:00.000,,0,0.0,,,MANHATTAN,2012-07-31T11:11:05.000,,1845.47,,,,5760913.1,,51666165.83,,,2.3,,0.0,,168.2,,,,90.0,,,,601.0,40.74369,
2831236,VLADECK,,,No Status Available,1002600075,,Multifamily Housing,,,,,,MANHATTAN,,,,2011-09-30T00:00:00.000,,0,,,,MANHATTAN,2012-06-27T16:15:48.000,,,,,,,,,,,,,0.0,,,,,,0.0,,,,2431.0,40.711397,
2921875,110 Greenwich Street,,4327655.0,No Status Available,1000530033,,Multifamily Housing,,,90.0,Natural Gas,,New York,,0.66,102.7,2011-12-31T00:00:00.000,,0,0.0,0.17,2949.9,MANHATTAN,2012-05-07T10:41:13.000,,72.16,,,,225254.5,,3559086.49,,,,,5.0,1.0,70.6,,,,90.0,,48.12,,55.0,40.70856,
2712491,SL Green Realty Corporation 100 Church Street,,75004301.1,Application - Label Sent (18-NOV-11),1001250020,,Office,,,,,108.2,New York,,,111.1,2012-02-29T00:00:00.000,,97,,,,MANHATTAN,2012-04-30T09:55:18.000,,6495.73,36568339.5,,,11264936.0,,,,,2.05,,,,48.3,,,,,,,,,40.712968,
2732119,670 Broadw,,5786166.9,No Status Available,1005300001,,Office,,,20.0,,92.8,New York,,0.75,192.9,2011-12-31T00:00:00.000,,53,1.0,0.0,,MANHATTAN,2012-04-06T13:28:42.000,,269.78,,,,842142.2,,,,,3.42,,,0.0,89.0,,,,,,,,,40.727299,
1423089,80 Pine St,,158749667.8,No Status Available,1000390012,,Office,,,90.0,,130.0,New York,,2.51,327.3,2012-01-31T00:00:00.000,,40,,1.43,16320.9,MANHATTAN,2012-05-01T09:38:19.000,,13674.36,82359963.1,,,22388541.8,,,,,2.72,,,8.0,146.4,,,,,,15.05,,,40.705892,
2660516,Cooper Squ,,8531302.8,No Status Available,1004600001,,Multifamily Housing,,,,,,New York,,,111.1,2011-12-31T00:00:00.000,,0,,,,MANHATTAN,2012-07-19T13:34:37.000,,192.52,,,,600968.0,,6480800.0,,,,,11.0,,69.5,,,,70.0,,,,152.0,40.727559,
2640841,180 Varick LLC,,20168241.8,No Status Available,1005190070,,Office,,,80.0,,101.8,New York,,2.94,146.4,2011-12-31T00:00:00.000,,90,,0.59,,MANHATTAN,2012-04-26T10:20:39.000,,1361.62,,,,4250477.4,,852.8,,,2.71,,,10.0,54.5,,,,,,,,,40.72748,
2921353,8 Washington Mews,,68.2,No Status Available,1005500013,,Multifamily Housing,,,,,,New York,,,0.1,2011-12-31T00:00:00.000,,0,,,,MANHATTAN,2012-04-30T17:28:28.000,,0.01,,,,20.0,,0.0,,,,,,,0.0,,,,,,,,,40.731559,
3115614,684 Broadw,,7519495.2,No Status Available,1005310001,,Multifamily Housing,,,0.0,Natural Gas,,New York,,0.69,183.2,2011-12-31T00:00:00.000,,0,,0.0,,MANHATTAN,2012-05-01T08:58:53.000,,173.75,,,,542371.2,,76190.0,,,,,0.0,0.0,115.7,,,,80.0,,,,22.0,40.727905,
2640847,584 Broadway LLC,,14783163.3,No Status Available,1005110008,,Office,,,80.0,,95.8,New York,,2.5,175.0,2011-12-31T00:00:00.000,,84,,0.7,,MANHATTAN,2012-04-26T10:20:39.000,,1133.17,,,,3537341.9,,11041.25,,,4.2,,,14.0,60.1,,,,,,,,,40.724743,
2806001,Hudson Crossing,,15536695.0,No Status Available,1007340037,,Multifamily Housing,,,100.0,,,New York,,0.63,151.5,2011-12-31T00:00:00.000,,0,,0.31,,MANHATTAN,2012-05-02T10:45:23.000,,667.69,,,,2084304.8,,8425047.06,,,2.3,,,1.0,72.3,,,,,,,,,40.755325,
2921358,La Maison Francaise,,52142.2,No Status Available,1005500001,,College/University (Campus-Level),,,,,104.0,New York,,,66.9,2011-12-31T00:00:00.000,,0,,,,MANHATTAN,2012-04-30T17:28:28.000,,4.9,,,,15282.0,,,,,,,,,20.0,,,,,,,,,40.731301,
2660336,41 East 11th St,,14696365.0,No Status Available,1005630001,,Office,,,,,68.0,New York,,,188.0,2011-12-31T00:00:00.000,,0,,,,MANHATTAN,2012-04-26T08:30:43.000,Facility has no UPS.,1066.93,,,,3330573.3,,894324.6,,,4.66,,,,66.8,,,,,806158.7,,,,40.733241,
2921365,10 Washington Mews,,,No Status Available,1005500013,,Education,,,,,58.0,New York,,,,2011-12-31T00:00:00.000,,0,,,,MANHATTAN,2012-04-30T17:28:28.000,,,,,,,,,,,,,,,,,,,,,,,,40.731495,
2704649,DEPM 2964,,30069306.6,No Status Available,1005730043,,Multifamily Housing,,,100.0,Fuel Oil (No. 5 and No. 6),,New York,,1.0,182.9,2011-12-31T00:00:00.000,,0,,0.0,,MANHATTAN,2012-04-30T08:06:30.000,,759.61,,,,2371227.4,,,,,2.3,,19.0,0.0,111.7,,,,0.0,,,,450.0,40.733011,
2684802,11 Waverly Place,,7753071.1,No Status Available,1005480040,,Multifamily Housing,,,90.0,,,New York,,1.0,167.4,2011-12-31T00:00:00.000,,0,,0.91,,MANHATTAN,2012-05-07T10:35:00.000,,240.68,,,,751311.8,,171797.1,,,3.72,,,3.0,94.0,,,,,,,,,40.730041,
2704587,DEPM 2934,,15798758.4,No Status Available,1005760025,,Multifamily Housing,,,,District Steam,,New York,,,116.2,2011-12-31T00:00:00.000,,0,,,,MANHATTAN,2012-04-30T08:06:30.000,,1297.37,12447622.55,,,982161.7,,,,,,,10.0,,69.9,,,,0.0,,,,228.0,40.735217,
2831030,ELLIOTT,,,No Status Available,1007240015,,Multifamily Housing,,,,,,MANHATTAN,,,,2011-09-30T00:00:00.000,,0,,,,,2012-06-27T16:15:48.000,,,,,,,,,,,,,0.0,,,,,,0.0,,,,1329.0,,
2825722,Kimmel Center,,7232105.2,No Status Available,1005380040,,Social/Meeting,,,,,43.0,New York,,,84.0,2011-12-31T00:00:00.000,,0,,,,MANHATTAN,2012-04-30T17:28:28.000,,541.25,,,,1689600.0,,1467190.0,,,,,,,29.2,,,,,,,,,40.730148,
2830982,CAMPOS PLA,,3402397.2,No Status Available,1003950022,,Multifamily Housing,,,,,,MANHATTAN,,,24.8,2012-03-31T00:00:00.000,,0,,,,,2012-06-27T16:15:48.000,,162.47,,,,507180.6,,1671897.06,,,,,0.0,,11.2,,,,0.0,,,,694.0,,
2614197,40 Wall Street,,,No Status Available,1000430002,,Office,,,,,,New York,,,,2010-12-31T00:00:00.000,,0,,,,MANHATTAN,2012-04-26T11:22:19.000,,,,,,,,,,,,,,,,,,,,,,,,40.706625,
3129002,(7554) - The Setai,,26958686.8,No Status Available,1000247501,,Multifamily Housing,,,100.0,Electricity,,New York,,1.0,269.1,2011-12-31T00:00:00.000,,0,,0.0,,MANHATTAN,2012-05-01T18:03:21.000,,2275.92,10442724.0,,,4530968.0,,1056300.0,,,,,0.0,0.0,111.0,,,,100.0,,,,159.0,40.706021,
2975793,Ironclad A,,6341139.1,No Status Available,1004730051,,Multifamily Housing,,,,Fuel Oil (No. 2),,Manhattan,,,96.2,2011-12-31T00:00:00.000,,0,,,,MANHATTAN,2012-05-01T14:25:17.000,,12.82,,,,40023.3,,52712.9,,,,,0.0,,90.7,,,,90.0,,,,30.0,40.720382,
2425340,101 Ludlow,,9273698.7,No Status Available,1004107501,,Residence Hall/Dormitory,,,,,85.8,New York,,,185.9,2012-05-31T00:00:00.000,,43,,,,MANHATTAN,2012-07-26T16:00:49.000,,398.51,,,,1244010.3,,5029135.48,,,,,,,88.7,,,,,,,,,40.719111,
2817542,740 Broadw,,29157082.0,No Status Available,1005450026,,Office,,,100.0,,102.6,NY,,1.66,258.0,2011-12-31T00:00:00.000,,59,,0.21,,MANHATTAN,2012-05-29T20:22:41.000,,2102.08,,,,6561931.3,,3086649.0,,,1.35,,,6.0,92.0,,,,,,,,,40.729884,
2831062,HERNANDEZ,,30698351.5,No Status Available,1004170001,,Multifamily Housing,,,,,,MANHATTAN,,,289.4,2012-02-29T00:00:00.000,,0,,,,,2012-06-27T16:15:48.000,,334.85,,,,1045270.6,,27131888.24,,,,,0.0,,220.3,,,,0.0,,,,229.0,,
3114446,Tate,,29715308.6,No Status Available,1006950015,,Multifamily Housing,,,,Natural Gas,,New York,,,174.0,2011-12-31T00:00:00.000,,0,34.0,,,MANHATTAN,2012-07-31T11:11:05.000,,863.54,,,,2695659.1,,20517719.76,,,,,0.0,,99.1,,,,100.0,,,,313.0,40.748241,
2717837,718 Broadw,,7143865.0,No Status Available,1005450011,,Multifamily Housing,,,,,,New York,,,148.0,2011-12-31T00:00:00.000,,0,,,,MANHATTAN,2012-04-26T23:03:09.000,,185.54,,,,579198.8,,172162.0,,,1.37,,3.0,,89.4,,,,70.0,,,,60.0,40.729146,
2379262,Trinity -,,86184615.3,Application - Label Sent (19-DEC-11),1005980058,,Office,,,40.0,,131.9,New York,,0.85,259.5,2011-12-31T00:00:00.000,,85,8.0,0.23,,MANHATTAN,2012-03-26T16:39:01.000,IT Energy is not currently metered at this facility - Apply estimates.,6007.62,573061.46,,,18612408.2,,19794435.48,,,2.67,,,4.0,94.8,,,,,,,,,40.72754,
2815137,Manhattan,,18907923.8,No Status Available,1001420100,,College/University (Campus-Level),,,,,104.0,New York,,,257.8,2011-12-31T00:00:00.000,,0,,,,MANHATTAN,2012-05-01T09:26:57.000,,700.14,,,,2185600.0,,11113500.0,,,,,,,132.1,,,,,,,,,40.715068,
2811083,409 Lafaye,,5383973.7,No Status Available,1005440008,,Office,,,,,88.7,New York,,,153.4,2011-12-31T00:00:00.000,,79,,,,,2012-06-06T13:27:06.000,,324.98,,,,1014481.9,,1922561.29,,,1.15,,,,60.8,,,,,,,,,,
2787039,Snug Harbo,,7250027.2,No Status Available,1005480024,,Multifamily Housing,,,,,,New York,,,114.2,2011-12-31T00:00:00.000,,0,,,,MANHATTAN,2012-04-20T17:50:19.000,,102.03,,,,318514.7,,123467.74,,,,,5.0,,84.0,,,,0.0,,,,128.0,40.730579,
2715852,The Tower 270 Condominium,,,No Status Available,1001357504,,Multifamily Housing,,,,,,New York,,,,2011-12-31T00:00:00.000,,0,,,984792.1,,2012-04-24T08:34:01.000,,,,,,,,,,,31.58,,,,,,,,,,4558.1,,,,
3119603,West 27th Street,,1135066.8,No Status Available,1006980056,,Entertainment/Culture,,,,,46.0,New York,,,26.7,2012-03-31T00:00:00.000,,0,,,,MANHATTAN,2012-05-01T10:52:34.000,,42.47,,,,132586.1,,682683.09,,,,,,,13.6,,,,,,,,,40.75075,
1413685,175 Water,,49211122.1,No Status Available,1000717501,,Office,,,100.0,,96.4,New York,,0.77,288.0,2012-02-29T00:00:00.000,,49,,0.15,,MANHATTAN,2012-05-01T16:34:37.000,,4456.71,7515777.44,,,12059967.9,,546734.27,,,3.21,,,2.0,96.3,,,,,,,,,40.706699,
2736217,53 Park Place - Lionshead 53 Dev. LLC,,10015080.5,No Status Available,1001260013,,Multifamily Housing,,,,Natural Gas,,New York,,,141.8,2011-12-31T00:00:00.000,,0,,,,MANHATTAN,2012-05-01T13:28:13.000,,375.36,,,,1171725.4,,6017153.37,,,,,44.0,,72.3,,,,80.0,,,,161.0,40.713764,
2654417,Milstein -,,17173499.4,No Status Available,1000167509,,Multifamily Housing,,,100.0,Natural Gas,,New York,,1.0,145.8,2011-12-31T00:00:00.000,,0,,0.0,,MANHATTAN,2012-04-30T08:06:30.000,,624.57,,,,1949677.4,,,,,,,0.0,0.0,76.2,,,,0.0,,,,203.0,40.708114,
2831187,SEWARD PAR,,42470777.2,No Status Available,1003470080,,Multifamily Housing,,,,,,MANHATTAN,,,182.5,2012-03-31T00:00:00.000,,0,,,,,2012-06-27T16:15:48.000,,1998.39,13874574.19,,,2818812.9,,18978413.28,,,,,0.0,,112.7,,,,0.0,,,,691.0,,
1423560,55 Broad S,,45731322.3,No Status Available,1000250001,,Office,,,,,115.9,New York,,,292.5,2012-01-31T00:00:00.000,,55,18.0,,9097.1,MANHATTAN,2012-05-01T09:38:19.000,,4064.18,15358807.16,,,8901675.0,,,,,2.18,,,,111.5,,,,,,22.17,,,40.705189,
2650518,555 West 23rd Street,,27486583.0,No Status Available,1006957503,,Multifamily Housing,,,,,,New York,,,175.5,2011-12-31T00:00:00.000,,0,1.0,,92.6,MANHATTAN,2012-04-23T11:33:43.000,,1053.41,,,,3288385.1,,16266613.13,,,0.63,,6.0,,88.5,,,,,,0.3,,352.0,40.7484,
2273784,80 Wall Street,,1118594.4,No Status Available,1000390004,,Office,,,,,90.7,New York,,,66.3,2012-02-29T00:00:00.000,,100,,,,MANHATTAN,2012-05-01T09:06:34.000,,104.98,2667.31,,,327059.5,,,,,6.66,,,,19.9,,,,,,,,,40.705456,
2782231,568 Broadway,,25564913.5,No Status Available,1005110001,,Office,,,100.0,,96.1,New York,,3.29,212.3,2011-12-31T00:00:00.000,,73,,0.03,,MANHATTAN,2012-04-26T13:35:49.000,,1982.58,,,,6188910.0,,,,,1.46,,,1.0,72.3,,,,,,,,,40.724398,
2591922,111 JOHN R,,22463805.0,No Status Available,1000750030,,Office,,,,,123.9,NEW YORK,,,188.3,2011-12-31T00:00:00.000,,86,,,,MANHATTAN,2012-04-29T12:02:40.000,,1977.44,8812417.05,,,4000992.9,,,,,4.99,,,,75.2,,,,,,,,,40.707833,
3171179,Hester Gar,,2343938.1,No Status Available,1002047501,,Multifamily Housing,,,100.0,,,New York,,1.93,84.2,2011-12-31T00:00:00.000,,0,,0.0,,MANHATTAN,2012-05-25T09:21:58.000,,167.85,,,,523971.7,,556146.67,,,,,,0.0,30.1,,,,,,,,,40.717481,
2676432,(7510) - 20 Pine St.,,35517572.5,No Status Available,1000447501,,Multifamily Housing,,,100.0,District Steam,,New York,,1.01,192.1,2011-12-31T00:00:00.000,,0,40.0,0.0,,MANHATTAN,2012-05-01T17:59:33.000,,3044.91,13000541.61,,,6301095.6,,1017692.69,,,,,0.0,0.0,77.0,,,,20.0,,,,475.0,40.707555,
2662272,Walter & Samuels- 10 E 34th Street,,2979104.7,No Status Available,1006830075,,Office,,,,,115.0,New York,,,125.5,2011-12-31T00:00:00.000,,93,,,,MANHATTAN,2012-05-01T10:43:24.000,,146.86,,,,458436.2,,0.0,,,3.85,,,,56.2,,,,,,,,,40.748251,
2806873,(7600) - Downtown Condominium,,52641679.2,No Status Available,1000267501,,Multifamily Housing,,,100.0,District Steam,,New York,,1.0,126.0,2011-12-31T00:00:00.000,,0,,0.0,,MANHATTAN,2012-05-01T18:03:21.000,,4491.59,27540804.0,,,7233600.0,,419832.0,,,,,4.0,0.0,57.1,,,,100.0,,,,324.0,40.706531,
2737257,(7410) - Greenwich Place Condominium,,4850224.8,No Status Available,1000537501,,Multifamily Housing,,,100.0,District Hot Water,,New York,,1.0,122.9,2011-12-31T00:00:00.000,,0,,0.0,,MANHATTAN,2012-05-01T18:03:21.000,,128.37,,,,400718.4,,130645.66,,,,,6.0,0.0,73.7,,,,100.0,,,,107.0,40.709089,
2614196,323 W 39th Street,,,No Status Available,1007637502,,Office,,,,,,New York,,,,2010-12-31T00:00:00.000,,0,,,,MANHATTAN,2012-04-26T15:52:21.000,,,,,,,,,,,,,,,,,,,,,,,,40.755707,
2710412,Brittany Hall,,77821940.0,No Status Available,1005620030,,Residence Hall/Dormitory,,,,,144.2,New York City,,,571.1,2011-12-31T00:00:00.000,,1,,,,MANHATTAN,2012-04-30T17:28:28.000,,230.65,,,,720000.0,,233300.0,,,,,,,527.0,,,,,,,,,40.731954,
2812277,Newmark - 90 John Street,,18976044.8,No Status Available,1000697502,,Multifamily Housing,,,,,,New York,,,154.4,2011-12-31T00:00:00.000,,0,,,,MANHATTAN,2012-04-30T11:29:20.000,,1781.61,,,,5561560.6,,,,,1.7,,,,46.2,,,,,,,,,40.708173,
3115551,140 Frankl,16555.0,5696392.7,No Status Available,1001897507,50.0,Multifamily Housing,,,,Natural Gas,,New York,,,182.3,2012-01-31T00:00:00.000,,0,,,,MANHATTAN,2012-05-01T08:58:53.000,,278.61,,,,869734.1,,2728860.0,,,,,0.0,,81.4,,,,100.0,,,,39.0,40.719191,
2692940,31 Jane Street,,8031291.4,No Status Available,1006160001,,Multifamily Housing,,,100.0,,,New York,,1.0,130.4,2011-12-31T00:00:00.000,,0,,0.0,,MANHATTAN,2012-04-26T23:18:01.000,,188.45,,,,588263.6,,266106.0,,,,,7.0,0.0,81.9,,,,90.0,,,,168.0,40.738146,
3119187,609 Greenwich,,12304248.7,No Status Available,1006010047,,Office,,,,,87.5,New York,,,306.1,2011-12-31T00:00:00.000,,34,,,,MANHATTAN,2012-05-01T10:52:34.000,,956.51,,,,2985883.9,,2116412.9,,,2.3,,,,103.9,,,,,,,,,40.729988,
2709808,715-719 Broadway,,2665181.4,No Status Available,1005470030,,College/University (Campus-Level),,,,,104.0,New York,,,91.1,2011-12-31T00:00:00.000,,0,,,,MANHATTAN,2012-04-30T17:28:28.000,,250.23,,,,781120.0,,,,,,,,,27.3,,,,,,,,,40.729099,
2803664,258 Broadway,,8563978.9,No Status Available,1001340025,,Multifamily Housing,,,0.0,Fuel Oil (No. 5 and No. 6),,New York,,0.0,120.3,2011-12-31T00:00:00.000,,0,,0.0,,MANHATTAN,2012-04-30T11:51:06.000,,188.22,,,,587545.0,,132200.0,,,,,5.0,0.0,77.3,,,,100.0,,,,60.0,40.713764,
2810560,KVI Mezz Corp. 12,,9227972.7,No Status Available,1002530001,,Multifamily Housing,,,,Fuel Oil (No. 5 and No. 6),,NY,,,149.7,2011-12-31T00:00:00.000,,0,,,,MANHATTAN,2012-04-27T15:44:53.000,,209.98,,,,655477.1,,451451.61,,,,,4.0,,95.0,,,,90.0,,,,179.0,40.711461,
2782259,92 Laight,,12732873.5,No Status Available,1002187501,,Multifamily Housing,,,27.27,Natural Gas,,New York,,0.27,163.5,2012-01-31T00:00:00.000,,0,4.0,0.18,,,2012-05-01T08:58:53.000,,513.07,,,,1601624.7,,7268130.0,,,2.67,,0.0,2.0,80.5,,,,100.0,,,,190.0,,
2722015,55 East 9t,,18478183.5,No Status Available,1005610037,,Multifamily Housing,,,,Fuel Oil (No. 5 and No. 6),,New York City,,,178.3,2011-12-31T00:00:00.000,,0,,,8312.0,MANHATTAN,2012-07-31T11:11:05.000,,316.96,,,,989425.8,,452620.22,,,,,15.0,,124.1,,,,90.0,,55.83,,180.0,40.731556,
2664521,Abro - 280,,10313068.4,No Status Available,1001531002,,Office,,,100.0,,103.0,New York,,1.0,257.6,2011-12-31T00:00:00.000,,40,,0.0,,MANHATTAN,2012-04-30T08:06:30.000,,889.98,5241361.5,,,1486432.3,,,,,2.3,,,0.0,114.1,,,,,,,,,40.714417,
2796780,254 W 54th,,3164425.2,No Status Available,1001250058,,Office,,,,,121.4,New York,,,79.3,2011-12-31T00:00:00.000,,99,,,,MANHATTAN,2012-05-02T09:46:13.000,,264.56,2178417.88,,,288982.2,,,,,1.14,,,,42.3,,,,,,,,,40.764338,
2266206,41 Park Ro,,9217354.3,No Status Available,1001010002,,College/University (Campus-Level),,,,,104.0,New York,,,187.6,2011-12-31T00:00:00.000,,0,,,,MANHATTAN,2012-08-01T12:04:43.000,,818.69,3126524.82,,,1785120.0,,,,,,,,,71.7,,,,,,,,,40.711835,
2649532,201 E 12,,8760637.6,No Status Available,1004680001,,Multifamily Housing,,,100.0,Natural Gas,,New York,,2.81,93.9,2011-12-31T00:00:00.000,,0,,0.0,,MANHATTAN,2012-05-02T09:54:13.000,,234.55,,,,732168.6,,6262478.34,,,,,8.0,0.0,55.2,,,,0.0,,,,136.0,40.731931,
2826164,University Hall,,18665602.8,No Status Available,1005590012,,Residence Hall/Dormitory,,,,,84.5,New York,,,187.5,2011-12-31T00:00:00.000,,47,,,,MANHATTAN,2012-04-30T17:28:28.000,,834.3,,,,2604400.0,,9779390.0,,,,,,,87.7,,,,,,,,,40.734075,
2653588,306 Gold Street - The 306 Gold Street Condominium,,20489572.1,No Status Available,1001337501,,Multifamily Housing,,,,Natural Gas,,Brooklyn,,,131.2,2011-12-31T00:00:00.000,,0,,,,BROOKLYN,2012-04-26T14:19:28.000,,993.07,,,,3099998.4,,9912377.42,,,,,0.0,,58.8,,,,80.0,,,,338.0,40.694978,
1426421,24 State S,,117931545.0,No Status Available,1000090029,,Office,,,,,124.3,New York,,,311.9,2012-01-31T00:00:00.000,,41,,,5728.3,MANHATTAN,2012-05-01T09:38:19.000,,10190.38,59040680.9,,,17259925.0,,,,,2.4,,,,137.2,,,,,,6.66,,,40.703534,
2658416,100 - Duan,,2664525.0,No Status Available,1001460023,,Hotel,,0.0,,,122.3,Tribeca,,,392.2,2012-02-29T00:00:00.000,,12,,,134459.2,MANHATTAN,2012-05-01T17:06:20.000,,171.24,,17778.0,,534556.0,,840619.97,,,,,,,149.9,,,,,,7563.24,,,40.716114,No laundry facility
2503789,Trinity- 2,,18323821.5,No Status Available,1002250008,,Office,,,,,68.0,New York,,,98.5,2011-12-31T00:00:00.000,,0,,,,MANHATTAN,2012-03-26T16:39:01.000,,760.31,,,,2373414.7,,1298523.15,,,1.16,,,,48.2,,,,,,,,,40.723352,
2708789,99 John Deco Lofts Condominium,,34311037.7,No Status Available,1000767502,,Multifamily Housing,,,58.27,Natural Gas,,New York,,2.28,160.4,2011-12-31T00:00:00.000,,0,,0.95,,MANHATTAN,2012-05-01T09:23:18.000,,1695.47,,,,5292640.4,,15559096.32,,,,,24.0,20.0,71.2,,,,100.0,,,,518.0,40.708006,
2798246,411-417 We,,10836889.5,No Status Available,1006467501,,Office,,,100.0,,95.6,New York,,1.58,466.3,2011-12-31T00:00:00.000,,12,,0.0,,MANHATTAN,2012-04-23T09:25:38.000,,878.66,,,,2742875.0,,1478200.0,,,4.18,,,0.0,154.0,,,,,,,,,40.74058,
3115591,478 West B,,2293951.6,No Status Available,1005160026,,Multifamily Housing,,,100.0,Natural Gas,,New York,,0.98,58.5,2012-01-31T00:00:00.000,,0,20.0,0.0,,MANHATTAN,2012-05-01T08:58:53.000,,51.24,,,,159965.3,,1748150.0,,,,,0.0,0.0,36.7,,,,70.0,,,,34.0,40.726566,
2679416,DEPM 2472,,7942412.2,No Status Available,1005257506,,Multifamily Housing,,,100.0,Natural Gas,,New York,,1.0,141.7,2011-12-31T00:00:00.000,,0,,0.0,,MANHATTAN,2012-04-30T08:06:30.000,,231.87,,,,723824.3,,5472723.58,,,,,16.0,0.0,80.5,,,,0.0,,,,147.0,40.727988,
2533061,Five Nine,,9087829.3,No Status Available,1000787507,,Multifamily Housing,,,100.0,District Steam,,New York,,0.0,172.0,2011-12-31T00:00:00.000,,0,,0.0,,MANHATTAN,2012-05-16T11:02:28.000,,689.12,4601234.22,,,1017189.2,,1015945.45,,,,,0.0,0.0,85.8,,,,30.0,,,,121.0,40.7089,
2686230,622 Broadw,,,No Status Available,1005220005,,Office,,,80.0,,68.0,New York,,0.29,,2011-11-30T00:00:00.000,,9,,0.0,1037.3,MANHATTAN,2012-04-30T16:52:58.000,,,,,,,,,,,0.03,,,0.0,,,,,,,10.43,,,40.725965,
2677425,Gild Hall,,,No Status Available,1000680028,,Hotel,,,,,165.3,New York,,,,2011-11-30T00:00:00.000,,81,,,45711.8,MANHATTAN,2012-04-16T15:21:58.000,,,,71540.0,,,,,,,,,,,,,,,,,638.97,,,40.707753,
2685164,38 Crosby,,6639506.6,No Status Available,1004737501,,Multifamily Housing,,,,Natural Gas,,1-Manhattan,,,174.0,2011-12-31T00:00:00.000,,0,,,1269.1,MANHATTAN,2012-07-31T11:11:05.000,,210.72,,,,657779.2,,761485.71,,,1.15,,0.0,,96.6,,,,90.0,,18.46,,20.0,40.721203,
2962749,Our Lady o,,4537374.2,No Status Available,1005860020,,K-12 School,,,,,86.4,New York,,,138.6,2011-12-31T00:00:00.000,,32,,,,MANHATTAN,2012-06-06T13:27:06.000,,58.91,,,,183907.1,26000.0,1457896.77,,,,,,,103.1,,,,,,,,,40.730614,
2742637,132-40 Gre,,4413365.6,No Status Available,1005130003,,Multifamily Housing,,,96.88,,,New York,,0.65,124.4,2011-12-31T00:00:00.000,,0,,0.0,,MANHATTAN,2012-04-26T23:09:01.000,,174.88,,,,545923.8,,686320.0,,,,,0.0,0.0,62.2,,,,90.0,,,,81.0,40.725251,
3226986,RA COHEN -,,19094.3,No Status Available,1001490030,,Multifamily Housing,,,100.0,Natural Gas,,New York,,1.0,0.3,2011-12-31T00:00:00.000,,0,0.0,0.0,,MANHATTAN,2012-07-18T09:21:03.000,,0.99,,,,3105.0,,8500.0,,,,,4.0,0.0,0.1,,,,0.0,,,,134.0,40.714879,
3177709,100 Broadway,,670647041.3,No Status Available,1000460003,,Office,,,,,218.7,New York,,,2129.6,2011-12-31T00:00:00.000,,1,,,,MANHATTAN,2012-05-31T07:25:28.000,,53155.92,656700000.0,,,4087644.0,,,,,2.3,,,,1697.8,,,,,,,,,40.70814,
2972382,The Foundation Building,,19337596.1,No Status Available,1005440076,,College/University (Campus-Level),,,,,104.0,New York,,,185.3,2011-12-31T00:00:00.000,,0,170.0,,,,2012-05-01T12:33:47.000,,528.91,,,,1651071.0,,13704141.94,,,,,,,108.0,,,,,,,,,,
2825672,Kaufman Management Center,,,No Status Available,1005350001,,College/University (Campus-Level),,,,,104.0,New York,,,,2011-12-31T00:00:00.000,,0,,,,MANHATTAN,2012-04-30T17:28:28.000,,,,,,,,,,,,,,,,,,,,,,,,40.729341,
2656337,London Terrace Gardens,,72761430.5,No Status Available,1007210007,,Multifamily Housing,,,,Natural Gas,,New York,,,127.2,2011-12-31T00:00:00.000,,0,,,,MANHATTAN,2012-04-26T14:24:35.000,,1057.11,,,,3299918.4,,57778268.89,,,,,59.0,,90.8,,,,100.0,,,,961.0,40.7468,
2343724,7777,,815192465.2,No Status Available,1005540001,,Retail,,,60.0,,184.4,New York,,0.39,6541.0,2012-02-29T00:00:00.000,,1,,0.13,,MANHATTAN,2012-05-01T10:39:41.000,,64493.81,804733970.7,,0.0,2975643.2,,,,,,,,20.0,5290.1,,,,,,,,,40.730842,
2790514,260 11th Avenue,54712.0,13764966.6,No Status Available,1006980001,50.0,Office,,,,,87.1,New York,,,198.6,2011-12-31T00:00:00.000,,56,,,,MANHATTAN,2012-05-01T09:58:47.000,,799.65,,,,2496218.0,,5940.0,,,4.09,,,,81.0,,,,,,,,,40.75131,
2737845,(7662) - Devonshire Associates LLC,,7599704.3,No Status Available,1005617502,,Multifamily Housing,,,100.0,District Hot Water,,New York,,1.8,63.1,2011-12-31T00:00:00.000,,0,,0.0,,MANHATTAN,2012-05-01T18:03:21.000,,86.66,,,,270529.0,,40131.0,,,,,8.0,0.0,48.8,,,,80.0,,,,172.0,40.732489,
2810709,KVI Mezz Corp. 20,,12489028.1,No Status Available,1002530001,,Multifamily Housing,,,,Fuel Oil (No. 5 and No. 6),,NY,,,148.0,2011-12-31T00:00:00.000,,0,,,,MANHATTAN,2012-04-27T15:44:53.000,,289.15,,,,902626.3,,403296.77,,,,,8.0,,93.3,,,,90.0,,,,194.0,40.711396,
2712484,SL Green Realty Corporation 333 West 34th Street,,25427844.5,No Status Available,1007580016,,Office,,,100.0,,104.3,New York,,0.5,234.4,2012-01-31T00:00:00.000,,69,,0.0,,MANHATTAN,2012-04-30T09:55:18.000,,1853.38,,,,5785600.0,,5555500.0,,,3.94,,,0.0,82.9,,,,,,,,,40.752652,
2637895,145 Nassau St.,,8453586.0,No Status Available,1001010001,,Multifamily Housing,,,,Fuel Oil (No. 2),,New York,,,109.4,2010-12-31T00:00:00.000,,0,,,,MANHATTAN,2012-04-27T17:22:39.000,,148.23,,,,462708.0,,169972.92,,,,,5.0,,75.7,,,,100.0,,,,103.0,40.711379,
2638956,305-311 Cherry St.,,6076205.0,No Status Available,1002467501,,Multifamily Housing,,,,Natural Gas,,New York,,,129.8,2011-12-31T00:00:00.000,,0,,,,MANHATTAN,2012-04-27T17:22:39.000,,93.84,,,,292939.2,,5076696.41,,,,,3.0,,91.2,,,,100.0,,,,150.0,40.711472,
3126829,SoHo 54 LLC,,8813938.3,No Status Available,1004770068,,Hotel,,,,,103.4,New York,,,185.6,2011-12-31T00:00:00.000,,61,,,,MANHATTAN,2012-05-01T11:52:07.000,,344.24,,95000.0,,1074598.4,,5147408.48,,,,,,,92.8,,,,,,,,,40.723692,
2710342,Alumni Hall,,14314085.0,No Status Available,1004650001,,Residence Hall/Dormitory,,,50.47,,74.0,New York City,,2.83,197.7,2011-12-31T00:00:00.000,,0,,0.47,,MANHATTAN,2012-04-30T17:28:28.000,,1215.47,8598817.86,,,1675049.0,,,,,,,,1.0,96.0,,,,,,,,,40.73021,
2564636,110 Third,,7959870.5,No Status Available,1005597501,,Multifamily Housing,,,,District Steam,,New York,,,176.2,2011-12-31T00:00:00.000,,0,,,,MANHATTAN,2012-05-16T11:02:28.000,,699.49,2903058.59,,,1468077.5,,47731.38,,,,,0.0,,69.1,,,,100.0,,,,154.0,40.732818,
2682242,Gold - 711 E 6th St,,4080761.4,No Status Available,1003760058,,Multifamily Housing,,,,Natural Gas,,New York,,,135.1,2011-12-31T00:00:00.000,,0,,,,MANHATTAN,2012-04-30T08:06:30.000,,164.08,,,,512213.1,,2333090.32,,,2.3,,8.0,,66.6,,,,0.0,,,,75.0,40.723369,
3115516,100 Hudson,,6455672.2,No Status Available,1001790056,,Multifamily Housing,,,,Electricity,,New York,,,136.0,2011-12-31T00:00:00.000,,0,24.0,,,MANHATTAN,2012-05-01T08:58:53.000,,165.02,,,,515143.2,,71000.0,,,,,6.0,,82.7,,,,90.0,,,,47.0,40.71919,
3089535,20 Exchange Place,,39003775.0,No Status Available,1000277502,,Office,,,,,85.8,New York,,,130.1,2011-12-31T00:00:00.000,,90,,,,MANHATTAN,2012-05-14T10:54:12.000,,2729.49,10159.0,,,8518000.0,,9930200.0,,,0.33,,,,47.2,,,,,,,,,40.705634,
3112626,88 Leonard,,20854707.0,No Status Available,1001730027,,Multifamily Housing,,,,Natural Gas,,New York,,,125.3,2011-12-31T00:00:00.000,,0,,,,MANHATTAN,2012-04-24T11:03:47.000,,848.88,,,,2649914.8,,11813197.59,,,,,30.0,,61.4,,,,100.0,,,,400.0,40.717162,
2660734,141 East T,,10025122.0,No Status Available,1004310031,,Multifamily Housing,,,93.2,Fuel Oil (No. 5 and No. 6),,New York,,1.75,125.6,2011-12-31T00:00:00.000,,0,,0.58,0.0,MANHATTAN,2012-04-24T19:58:09.000,,201.87,,,,630174.8,,213280.53,,,,,10.0,3.0,83.1,,,,100.0,,0.0,,300.0,40.723746,
2787799,1 Haven Plaza - 36783,,11884118.8,No Status Available,1003820001,,Multifamily Housing,,,,Natural Gas,,New York,,,79.9,2011-12-31T00:00:00.000,,0,,,,MANHATTAN,2012-04-27T10:04:24.000,,1115.77,,,,3483036.0,,,,,,,5.0,,23.9,,,0.25,90.0,,,1.0,560.0,40.727016,
2730971,The Marais,,7851698.8,No Status Available,1006940042,,Multifamily Housing,,,,Natural Gas,,New York,,,154.2,2011-12-31T00:00:00.000,,0,,,,MANHATTAN,2012-07-31T11:11:05.000,,307.43,,,,959701.7,,4577196.77,,,,,0.0,,77.0,,,,100.0,,,,134.0,40.748129,
2660143,33 Greenwi,,11157829.2,No Status Available,1006110065,,Multifamily Housing,,,41.24,,,New York,,4.82,114.2,2011-12-31T00:00:00.000,,0,5.0,0.8,,MANHATTAN,2012-04-20T17:50:19.000,,202.58,,,,632379.4,,604293.55,,,,,,1.0,78.1,,,,,,,,,40.735086,
2701977,160 Water Street,,31103840.0,No Status Available,1000700043,,Office,,,100.0,,285.9,New York,,0.48,77.0,2011-12-31T00:00:00.000,,100,1.0,0.38,,MANHATTAN,2012-04-30T11:13:03.000,IT Energy is not currently metered at this facility - Apply estimates.,2456.97,31015344.0,,,25936.7,,,,,6.41,,,8.0,63.3,,,,,,,,,40.706452,
2831030,ELLIOTT,,,No Status Available,1007230001,,Multifamily Housing,,,,,,MANHATTAN,,,,2011-09-30T00:00:00.000,,0,,,,,2012-06-27T16:15:48.000,,,,,,,,,,,,,0.0,,,,,,0.0,,,,1329.0,,
3115615,72 Reade S,,5388781.7,No Status Available,1001507501,,Multifamily Housing,,,100.0,,,New York,,0.0,165.8,2011-12-31T00:00:00.000,,0,17.0,0.0,,MANHATTAN,2012-05-01T08:58:53.000,,213.79,,,,667365.8,,731910.0,,,,,,0.0,82.9,,,,,,,,,40.715128,
3119771,2 Fifth Av,,31813406.7,No Status Available,1005510001,,Multifamily Housing,,,,Fuel Oil (No. 5 and No. 6),,New York,,,95.8,2011-12-31T00:00:00.000,,0,1.0,,9549.6,MANHATTAN,2012-07-31T11:11:05.000,,564.08,,,,1760858.3,,670419.35,,,,,14.0,,66.0,,,,90.0,,19.81,,1200.0,40.731921,
2638325,21 East 10,,,No Status Available,1005680024,,Multifamily Housing,,,57.88,,,New York,,2.0,,2011-12-31T00:00:00.000,,0,,0.75,,MANHATTAN,2012-04-28T22:47:44.000,,,,,,,,,,,,,,3.0,,,,,,,,,,40.732843,
3115585,447-453 We,,5065468.2,No Status Available,1007167503,,Multifamily Housing,,,,Natural Gas,,New York,,,134.8,2012-03-31T00:00:00.000,,0,,,,MANHATTAN,2012-05-01T08:58:53.000,,260.03,,,,811714.0,,2295900.0,,,,,0.0,,58.6,,,,100.0,,,,88.0,40.74413,
2706492,4 Washington Square Village,,3309955.6,No Status Available,1005330001,,Multifamily Housing,,,,,,New York,,,30.0,2011-12-31T00:00:00.000,,0,,,,MANHATTAN,2012-04-30T17:28:28.000,,253.91,,,,792627.7,,605510.0,,,,,,,10.3,,,,,,,,,40.727126,
2781342,303 Tenth,,5887678.2,No Status Available,1006990033,,Multifamily Housing,,,10.0,,,New York,,0.0,133.1,2011-12-31T00:00:00.000,,0,,0.0,,MANHATTAN,2012-04-26T23:10:36.000,,238.27,,,,743779.7,,3349902.0,,,,,0.0,0.0,65.4,,,,90.0,,,,122.0,40.750492,
2710259,483 Broadw,,3434622.1,No Status Available,1004740030,,Office,,,100.0,,88.4,New York,,1.0,135.9,2011-12-31T00:00:00.000,,83,,0.0,0.0,MANHATTAN,2012-04-23T09:00:09.000,,200.48,,,,625841.0,,,,,2.3,,,0.0,55.3,,,,,,0.0,,,40.721543,
3119096,116 NASSAU,,,No Status Available,1000920024,,Bank/Financial Institution,,,,,,New York,,,,2011-11-30T00:00:00.000,,0,,,,MANHATTAN,2012-04-27T09:54:29.000,,,,,,,,,,,,,,,,,,,,,,,,40.710671,
2855367,5 Hanover Square,,42181714.9,No Status Available,1000280005,,Office,,,,,130.6,New York,,,257.9,2012-01-31T00:00:00.000,,51,,,,MANHATTAN,2012-05-01T12:31:22.000,,3560.0,26800418.85,,,4508000.0,,,,,2.03,,,,129.8,,,,,,,,,40.704923,
3118149,45 West 10,,8013133.6,No Status Available,1005740067,,Multifamily Housing,,,,Fuel Oil (No. 5 and No. 6),,New York,,,174.3,2011-12-31T00:00:00.000,,0,,,,MANHATTAN,2012-07-31T11:11:05.000,,202.48,,,,632059.3,,230219.35,,,,,12.0,,106.4,,,,10.0,,,,80.0,40.73407,
2940676,Teamsters Union Local 237,,4368589.3,No Status Available,1006180024,,Office,,,,,93.8,NEW YORK,,,176.4,2011-12-31T00:00:00.000,,70,,,,MANHATTAN,2012-04-26T11:26:43.000,,244.44,,,,763040.7,,,,,1.89,,,,73.5,,,,,,,,,40.738846,
2805460,411 E 10th Street - 35799,,22837212.0,No Status Available,1003820100,,Multifamily Housing,,,100.0,Natural Gas,,New York,,1.0,125.2,2011-12-31T00:00:00.000,,0,,0.0,,MANHATTAN,2012-04-27T10:16:35.000,,2144.13,,,,6693204.0,,,,,,,17.0,0.0,37.5,,,,90.0,,,,654.0,40.725628,
2715974,210 Stanton St - 32534,,12909218.0,No Status Available,1003450048,,Multifamily Housing,,,,Natural Gas,,New York,,,101.3,2011-12-31T00:00:00.000,,0,,,,MANHATTAN,2012-04-27T08:27:50.000,,300.54,,,,938164.7,,9708200.0,,,,,19.0,,62.7,,,,0.0,,,,288.0,40.719598,
2657119,32-50 Coop,,15584547.8,No Status Available,1005440038,,Office,,,100.0,,68.0,New York,,0.4,159.1,2011-12-31T00:00:00.000,,0,,0.0,,MANHATTAN,2012-04-27T13:19:29.000,,402.91,,,,1257730.8,,10460763.75,,,2.48,,,0.0,94.9,,,,,,,,,40.728116,
2691984,14 Horatio Street,,10786023.9,No Status Available,1006160011,,Multifamily Housing,,,80.0,,,New York,,2.44,123.1,2011-12-31T00:00:00.000,,0,,0.49,,MANHATTAN,2012-04-26T23:18:01.000,,227.93,,,,711515.6,,322869.0,,,,,7.0,1.0,80.2,,,,90.0,,,,181.0,40.73875,
3114481,Union Squa,,25030027.4,No Status Available,1005650021,,Other,,,100.0,,70.0,New York,,1.0,234.3,2011-12-31T00:00:00.000,,0,1.0,0.0,,MANHATTAN,2012-07-31T11:11:05.000,,1192.71,,,,3723206.3,,12326447.39,,,,,,0.0,106.0,,,,,,,,,40.733979,
2692943,Eastville,,8917820.5,No Status Available,1003907502,,Multifamily Housing,,,,Natural Gas,,Manhattan,,,237.7,2011-12-31T00:00:00.000,,0,,,,MANHATTAN,2012-05-01T09:47:14.000,,331.73,,,,1035557.0,,5384500.0,,,,,0.0,,121.6,,,,0.0,,,,117.0,40.724818,
2716808,1-5 Bond S,,5814412.6,No Status Available,1005297504,,Retail,,,100.0,Natural Gas,47.0,New York,,1.33,243.0,2012-01-31T00:00:00.000,,0,,0.0,,MANHATTAN,2012-05-01T08:58:53.000,,278.48,,,,869300.3,,2848360.0,,,,,0.0,0.0,109.6,,,,80.0,,,,34.0,40.726887,
2741634,150 Ludlow Street,,956840.4,No Status Available,1004110045,,Multifamily Housing,,,,Natural Gas,,New York,,,79.1,2011-12-31T00:00:00.000,,0,,,,MANHATTAN,2012-04-30T19:08:18.000,,89.84,,,,280433.9,,,,,,,8.0,,23.7,,,,0.0,,,,60.0,40.720768,
2804965,75 Bank Street,,5774371.1,No Status Available,1006247504,,Multifamily Housing,,,,Fuel Oil (No. 5 and No. 6),,New York,,,174.4,2011-12-31T00:00:00.000,,0,,,,MANHATTAN,2012-04-27T11:43:16.000,,248.23,,,,774878.9,,91280.65,,,,,9.0,,83.9,,,,100.0,,,,130.0,40.736705,
2710473,Carlyle III,,,No Status Available,1008430022,,Residence Hall/Dormitory,,,,,74.0,New York City,,,,2011-12-31T00:00:00.000,,0,0.0,,,MANHATTAN,2012-04-30T17:28:28.000,,,,,,,,,,,,,,,,,,,,,,,,40.73629,
2694253,1 Washington Square Village,,2722394.4,No Status Available,1005330001,,Multifamily Housing,,,,,,New York City,,,24.6,2011-12-31T00:00:00.000,,0,,,,MANHATTAN,2012-04-30T17:28:28.000,,192.71,,,,601581.0,,669800.0,,,,,,,8.9,,,,,,,,,40.729113,
3127330,Kibel - 90,,17671035.2,No Status Available,1000560004,,Multifamily Housing,,,,Natural Gas,,New York,,,150.7,2011-12-31T00:00:00.000,,0,24.0,,,MANHATTAN,2012-05-01T12:05:15.000,,1229.12,,,,3836864.6,,4579653.01,,,,,44.0,,54.9,,,,80.0,,,,448.0,40.710105,
3120798,Kibel - 85 John Street,,10236730.7,No Status Available,1000770001,,Multifamily Housing,,,100.0,Natural Gas,,New York,,1.18,153.4,2011-12-31T00:00:00.000,,0,,0.0,,MANHATTAN,2012-05-01T12:05:15.000,,566.81,,,,1769366.3,,4199652.99,,,,,56.0,0.0,63.9,,,,100.0,,,,176.0,40.708368,
2810570,KVI Mezz Corp. 16,,11952720.5,No Status Available,1002530001,,Multifamily Housing,,,,Fuel Oil (No. 5 and No. 6),,NY,,,148.2,2011-12-31T00:00:00.000,,0,,,,MANHATTAN,2012-04-27T15:44:53.000,,276.32,,,,862572.0,,403296.77,,,,,5.0,,93.5,,,,90.0,,,,193.0,40.711349,
2795270,(7162) - S,,10770015.3,No Status Available,1001367505,,Hotel,,,,District Steam,71.0,New York,,,200.0,2011-12-31T00:00:00.000,,0,,,,MANHATTAN,2012-05-01T17:59:33.000,,947.93,4233615.87,99418.0,,1915709.1,,,,,,,0.0,,79.9,,,,100.0,,,,23.0,40.715205,No laundry facility
2702143,The Sequoia Condominium,,10104896.9,No Status Available,1006187501,,Multifamily Housing,,,,,,New York,,,191.0,2011-12-31T00:00:00.000,,0,9.0,,,MANHATTAN,2012-04-24T17:30:19.000,,392.21,,,,1224325.0,,5927500.0,,,,,20.0,,95.8,,,,90.0,,,,145.0,40.738915,
2560647,200 WATER,,39751924.6,No Status Available,1000750001,,Multifamily Housing,,,100.0,,,NEW YORK,,2.58,162.5,2011-12-31T00:00:00.000,,0,,1.17,,MANHATTAN,2012-03-28T15:12:16.000,,1899.12,,,,5928374.5,,16686703.03,,,,,,14.0,73.5,,,,,,,,,40.707218,
2658474,118 - Hilt,,7252585.2,No Status Available,1002120045,,Hotel,,,,,119.1,New York,,,249.6,2012-01-31T00:00:00.000,,50,,,453171.2,MANHATTAN,2012-05-01T17:06:20.000,,293.64,,59150.0,,916623.7,,4125065.31,,,,,,,122.6,,,,,,7661.39,,,40.720827,No laundry facility
3126733,Cliff Tower,,9612842.0,No Status Available,1000767501,,Multifamily Housing,,,,Natural Gas,,New York,,,108.4,2011-12-31T00:00:00.000,,0,,,7765.0,MANHATTAN,2012-05-01T15:44:30.000,,106.21,,,,331548.1,,8481600.0,,,,,16.0,,82.3,,,,70.0,,66.5,,188.0,40.708143,
2731500,JC Dwight,,5134703.8,No Status Available,1005750077,,Multifamily Housing,,,,Fuel Oil (No. 5 and No. 6),,New York,,,108.5,2011-12-31T00:00:00.000,,0,,,,MANHATTAN,2012-05-01T14:24:42.000,,107.31,,,,334994.0,,245400.0,,,,,5.0,,70.9,,,,80.0,,,,85.0,40.734767,
3129431,(7901) - 8 Spruce Street,,57105501.2,No Status Available,1001007502,,Multifamily Housing,,,,District Hot Water,,New York,,,121.8,2011-12-31T00:00:00.000,,0,,,,MANHATTAN,2012-05-01T18:03:21.000,,4636.56,26861418.0,,,7853600.0,,3447600.0,,,,,0.0,,55.4,,,,10.0,,,,890.0,40.711245,
2927763,36 Battery Place - Museum of Jewish Heritage,,14636388.2,No Status Available,1000160010,,Entertainment/Culture,,,,,46.0,New York,,,428.4,2011-12-31T00:00:00.000,,0,80.0,,,MANHATTAN,2012-04-26T15:08:41.000,,1374.17,,,,4289680.0,,,,,,,,,128.3,,,,,,,,,40.705806,
2681096,District C,,29208718.6,No Status Available,1001280026,,Office,,,,,68.0,New York,,,245.0,2011-12-31T00:00:00.000,,0,1230.0,,,MANHATTAN,2012-05-01T13:54:39.000,IT Energy is not currently metered at this facility - Apply estimates.,1431.31,,,,4468036.4,,,,,5.06,,,,110.1,,,,,,,,,40.714181,
2719892,Mark Twain Owners Corp.,,,No Status Available,1006070038,,Multifamily Housing,,,,,,New York,,,,2011-12-31T00:00:00.000,,0,,,244079.9,MANHATTAN,2012-04-24T08:34:01.000,,,,,,,,,3.0,,,,,,,,,0.47,,,3838.46,1.17,,40.736208,
3118014,540 West 28th Street,,3748007472.0,No Status Available,1006997502,,Multifamily Housing,,,,,,New York,,,131755.8,2011-12-31T00:00:00.000,,0,,,,MANHATTAN,2012-04-30T17:56:16.000,,351827.89,,,,1098281000.0,,672700.0,,,,,,,39452.7,,,,90.0,,,,123.0,40.751453,
1274618,375 Hudson,,65839053.3,Application - Label Sent (18-FEB-11),1005990064,,Office,,,,,110.0,New York,,,179.3,2011-12-31T00:00:00.000,,93,,,,MANHATTAN,2012-04-24T16:39:33.000,IT Energy is not currently metered at this facility - Apply estimates.,6015.02,11142947.23,,,16030511.7,,,,,3.72,,,,60.2,,,,,,,,,40.728435,
2708793,95 Horatio Street,,23463099.0,No Status Available,1006430001,,Multifamily Housing,,,,Natural Gas,,New York,,,128.6,2011-12-31T00:00:00.000,,0,,,,MANHATTAN,2012-05-01T09:23:18.000,,884.61,,,,2761436.5,,12629624.24,,,,,19.0,,65.4,,,,100.0,,,,357.0,40.738761,
2719904,The Greenwich Condominium,,,No Status Available,1005777502,,Multifamily Housing,,,100.0,,,New York,,1.1,,2011-12-31T00:00:00.000,,0,6.0,0.14,502130.2,MANHATTAN,2012-04-24T08:34:01.000,,,,,,,,,,,,,,2.0,,,,,,,2154.95,,,40.736145,
3058817,SL Green Realty Corporation 180 Maiden Lane,,93501700.9,No Status Available,1000370023,,Office,,,,,122.6,New York,,,234.1,2012-02-29T00:00:00.000,,80,,,,MANHATTAN,2012-04-30T09:55:18.000,,8309.76,24540496.92,,,19892000.0,,1089700.0,,,2.91,,,,85.0,,,,,,,,,40.705308,
2797258,108-114 Wo,,2958510.9,No Status Available,1005000005,,Multifamily Housing,,,100.0,Natural Gas,,New York,,1.04,85.0,2012-01-31T00:00:00.000,,0,,0.0,,MANHATTAN,2012-05-01T08:58:53.000,,96.9,,,,302494.4,,1926400.0,,,,,0.0,0.0,46.0,,,,100.0,,,,21.0,40.724694,
3126688,101 Lafaye,,3737654.9,No Status Available,1001970007,,Office,,,,,70.1,New York,,,220.2,2011-12-31T00:00:00.000,,55,,,,MANHATTAN,2012-07-31T11:11:05.000,,350.92,,,,1095444.0,,,,,2.3,,,,65.9,,,,,,,,,40.717783,
2654527,Milstein -,,10782620.1,No Status Available,1001327501,,Multifamily Housing,,,100.0,Natural Gas,,New York,,1.0,144.2,2011-12-31T00:00:00.000,,0,,0.0,,MANHATTAN,2012-04-30T08:06:30.000,,419.88,,,,1310727.5,,,,,,,1.0,0.0,73.0,,,,0.0,,,,154.0,40.715221,
2731572,21 West Street,,30634279.4,No Status Available,1000150022,,Multifamily Housing,,,,Natural Gas,,New York,,,168.9,2012-03-31T00:00:00.000,,0,,,,MANHATTAN,2012-04-28T16:12:57.000,,1102.42,,,,3441348.0,,18892400.0,8.0,,,,28.0,,87.7,,,0.2,100.0,,,1.0,400.0,40.706451,
2637930,261 Broadway,,9920897.7,No Status Available,1001357501,,Multifamily Housing,,,,Fuel Oil (No. 5 and No. 6),,New York,,,140.8,2011-12-31T00:00:00.000,,0,,,,MANHATTAN,2012-04-27T17:22:39.000,,288.28,,,,899892.9,,232843.75,,,,,10.0,,81.3,,,,100.0,,,,90.0,40.713696,
2682645,(8034) - The Cocoa Exchange Condo,,7536395.3,No Status Available,1000287501,,Multifamily Housing,,,,Natural Gas,,Manhattan,,,160.6,2011-12-31T00:00:00.000,,0,,,,MANHATTAN,2012-05-01T17:59:33.000,,367.38,,,,1146836.4,,3623389.64,,,,,14.0,,71.8,,,,100.0,,,,171.0,40.705129,
2805494,60 First Ave - 7144,,17837872.6,No Status Available,1004310001,,Multifamily Housing,,,,Natural Gas,,New York,,,128.5,2011-12-31T00:00:00.000,,0,,,,MANHATTAN,2012-04-27T10:16:35.000,,362.98,,,,1133099.0,,13971738.76,,,,,0.0,,83.2,,,,90.0,,,,322.0,40.724905,
2715860,10 Stanton St - 32537,,11329295.1,No Status Available,1004270002,,Multifamily Housing,,,,Natural Gas,,New York,,,78.0,2011-12-31T00:00:00.000,,0,,,,MANHATTAN,2012-04-27T08:27:50.000,,161.16,,,,503093.8,,9612739.22,,,,,20.0,,55.9,,,,0.0,,,,285.0,40.722654,
3115560,31-37 Nort,,5414393.6,No Status Available,1001907503,,Multifamily Housing,,,100.0,Natural Gas,,New York,,0.93,116.5,2012-01-31T00:00:00.000,,0,6.0,0.0,,MANHATTAN,2012-05-01T08:58:53.000,,232.5,,,,725774.8,,2938050.0,,,,,0.0,0.0,55.6,,,,90.0,,,,58.0,40.719868,
2782236,90 Hudson,,3759510.5,No Status Available,1001790017,,Multifamily Housing,,,,Natural Gas,,New York,,,123.5,2012-01-31T00:00:00.000,,0,4.0,,,MANHATTAN,2012-05-01T08:58:53.000,,145.84,,,,455261.0,,2206160.0,,,1.33,,1.0,,61.9,,,,90.0,,,,60.0,40.718834,
2811858,134 W 29 ST,,4929823.5,No Status Available,1008040059,,Office,,,100.0,,122.5,New York,,0.6,83.7,2011-12-31T00:00:00.000,,99,,0.0,,MANHATTAN,2012-04-30T09:23:54.000,,237.57,,,,741600.0,,,,,1.5,,,0.0,37.9,,,,,,,,,40.747121,
2630986,39 Broadway,,30536312.6,No Status Available,1000200004,,Office,,,,,99.1,New York,,,188.9,2011-12-31T00:00:00.000,,79,,,,MANHATTAN,2012-04-26T14:51:28.000,,2744.45,8202780.0,,,6545584.0,,,,,2.3,,,,68.2,,,,,,,,,40.706251,
2795821,85 South S,,2103131.1,No Status Available,1000720027,,Multifamily Housing,,,,Natural Gas,,New York,,,91.5,2012-01-31T00:00:00.000,,0,6.0,,,MANHATTAN,2012-04-28T15:02:56.000,,104.59,,,,326480.4,,989180.0,,,,,4.0,,40.4,,,,100.0,,,,50.0,40.705618,
2786268,Seward Park Housing Corp (Bldg 3&4),,,No Status Available,1003110013,,Multifamily Housing,,,,,,New York,,,,2011-11-30T00:00:00.000,,0,,,,MANHATTAN,2012-04-26T12:49:37.000,,,,,,,,,,,,,,,,,,,,,,,,40.714266,
2721975,181 Hudson,,3961950.1,No Status Available,1002227501,,Multifamily Housing,,,,Natural Gas,,New York City,,,151.7,2011-12-31T00:00:00.000,,0,,,2907.5,MANHATTAN,2012-07-31T11:11:05.000,,201.94,,,,630392.3,,1811051.53,,,,,0.0,,66.2,,,,90.0,,48.59,,33.0,40.722726,
3098309,Ritz Carlt,,70716614.3,No Status Available,1000167513,,Hotel,,,,,104.7,New York,,,262.2,2011-12-31T00:00:00.000,,23,,,,MANHATTAN,2012-04-23T12:45:31.000,,2442.2,,284300.0,,7623664.5,,44704670.97,,,,,,,138.7,,,,,,,,,40.705523,
2798136,130 West 1,,3186584.4,No Status Available,1006070027,,Multifamily Housing,,,,Electricity,,New York,,,102.1,2011-12-31T00:00:00.000,,0,,,,MANHATTAN,2012-05-01T09:38:19.000,,299.18,,,,933934.5,,,,,,,3.0,,30.6,,,,90.0,,,,107.0,40.736464,
3115525,105 Hudson,,6455672.2,No Status Available,1001870030,,Multifamily Housing,,,,Natural Gas,,New York,,,109.1,2011-12-31T00:00:00.000,,0,11.0,,,MANHATTAN,2012-05-01T08:58:53.000,,165.02,,,,515143.2,,71000.0,,,2.29,,0.0,,66.3,,,,100.0,,,,16.0,40.719396,
2831049,GOMPERS,,50690391.6,No Status Available,1003380001,,Multifamily Housing,,,,,,MANHATTAN,,,181.9,2012-03-31T00:00:00.000,,0,,,,,2012-06-27T16:15:48.000,,3943.33,32335818.3,,,4340376.5,,3545208.82,,,,,0.0,,99.9,,,,0.0,,,,1016.0,,
2654652,Milstein -,,21578351.5,No Status Available,1000167510,,Multifamily Housing,,,100.0,Natural Gas,,New York,,1.0,126.1,2011-12-31T00:00:00.000,,0,,0.0,,MANHATTAN,2012-04-30T08:06:30.000,,627.37,,,,1958425.7,,,,,2.3,,25.0,0.0,72.9,,,,0.0,,,,272.0,40.707977,
2817365,Hilary Gardens,,48552035.9,No Status Available,1005480070,,Multifamily Housing,,,,,,New York,,,124.3,2011-12-31T00:00:00.000,,0,,,,,2012-05-07T16:11:16.000,,302.27,,,,943580.0,,3278200.0,,,,,,,106.5,,,,,,,,,,
2669826,545 West 25th St,,5266856.4,No Status Available,1006977501,,Office,,,,,66.0,New York,,,173.2,2012-01-31T00:00:00.000,,50,,,,MANHATTAN,2012-04-29T20:31:31.000,,327.98,,,,1023845.2,,1773496.67,,,0.15,,,,67.5,,,,,,,,,40.749627,
2729556,CD 280 LLC (280 East 2nd St),,5785084.1,No Status Available,1003720060,,Multifamily Housing,,,,,,New York,,,150.8,2011-12-31T00:00:00.000,,0,,,,,2012-04-20T17:50:19.000,,183.65,,,,573287.5,,3829027.27,,,,,13.0,,82.8,,,,10.0,,,,90.0,,
2553965,31  West 1,,2569021.6,No Status Available,1005757502,,Multifamily Housing,,,,Natural Gas,,New York,,,98.8,2011-12-31T00:00:00.000,,0,,,,MANHATTAN,2012-05-16T11:02:28.000,,81.4,,,,254097.8,,1702040.0,,,,,2.0,,54.2,,,,100.0,,,,32.0,40.734537,
2810747,KVI Mezz Corp. 38,,10788072.5,No Status Available,1002530001,,Multifamily Housing,,,,Fuel Oil (No. 5 and No. 6),,NY,,,148.6,2011-12-31T00:00:00.000,,0,,,,MANHATTAN,2012-04-27T15:44:53.000,,248.25,,,,774959.7,,411735.48,,,,,5.0,,93.9,,,,90.0,,,,156.0,40.711549,
2682442,111 Third Avenue,,5140162897.0,No Status Available,1004697502,,Multifamily Housing,,,,District Steam,,New York,,,51482.8,2011-12-31T00:00:00.000,,0,,,6016.4,MANHATTAN,2012-04-27T14:50:34.000,,405841.07,5136552180.0,,,968557.0,,306000.0,,,,,10.0,,42500.0,,,,100.0,,49.74,,419.0,40.732502,
2491127,66 W 12th St,,13559506.5,No Status Available,1005750017,,College/University (Campus-Level),,,,,104.0,New York,,,214.2,2010-08-31T00:00:00.000,,0,,,0.0,MANHATTAN,2012-04-26T17:00:14.000,,526.31,,,,1642960.0,,445800.0,,,,,,,108.5,,,,,,0.0,,,40.735744,
2609900,Inter Active,,23460441.2,No Status Available,1006900012,,Office,,,,,125.2,New York,,,329.7,2011-12-31T00:00:00.000,,43,,,1793.0,MANHATTAN,2012-04-23T17:23:30.000,,1351.74,,,,4219638.7,,9028500.0,,,3.02,,,,134.4,,,,,,10.27,,,40.745134,
2825730,Meyer Hall,,6585465.6,No Status Available,1005460035,,College/University (Campus-Level),,,,,104.0,New York,,,85.0,2011-12-31T00:00:00.000,,0,,,,MANHATTAN,2012-04-30T17:28:28.000,,617.88,,,,1928800.0,,4400.0,,,,,,,25.5,,,,,,,,,40.729201,
2805454,40 First Ave - 8925,,13527660.5,No Status Available,1004300001,,Multifamily Housing,,,,Natural Gas,,New York,,,128.5,2011-12-31T00:00:00.000,,0,,,,MANHATTAN,2012-04-27T10:16:35.000,,275.27,,,,859304.0,,10595715.29,,,,,0.0,,83.2,,,,90.0,,,,244.0,40.724315,
2544622,42-52 WEST,,12605759.0,No Status Available,1008400071,,Office,,,,,142.6,NEW YORK,,,177.2,2011-12-31T00:00:00.000,,91,,,,MANHATTAN,2012-04-23T09:56:13.000,,686.94,,,,2144389.7,,2589.52,,,4.16,,,,75.0,,,,,,,,,40.752171,
2964890,FEDEX Building,128000.0,,No Status Available,1006010013,100.0,Warehouse (Unrefrigerated),,,,,23.0,New York,,,,2011-12-31T00:00:00.000,,0,,,,MANHATTAN,2012-05-01T09:36:57.000,,,,,,,,,,,1.41,,,,,,,,,,,,,40.730356,
2664266,21/161 Hudson Condominium,,5685447.0,No Status Available,1002157502,,Multifamily Housing,,,100.0,Natural Gas,,New York,,2.73,178.6,2011-12-31T00:00:00.000,,0,,0.0,,MANHATTAN,2012-05-01T09:11:04.000,,228.0,,,,711737.0,,3026100.0,,,,,0.0,0.0,88.2,,,,90.0,,,,55.0,40.721798,
2729942,426 West B,,4323776.7,No Status Available,1005027501,,Multifamily Housing,,,,,,New York,,,139.9,2011-12-31T00:00:00.000,,0,,,,MANHATTAN,2012-06-20T00:18:14.000,,109.26,,,,341060.0,,3160080.0,,,,,3.0,,84.0,,,,100.0,,,,140.0,40.725191,
3098401,RY - 415 G,,8760789.0,No Status Available,1002157504,,Multifamily Housing,,,100.0,Natural Gas,,New York,,1.0,129.5,2011-12-31T00:00:00.000,,0,,0.0,,MANHATTAN,2012-04-30T08:06:30.000,,475.45,,,,1484190.1,,3696732.26,,,,,0.0,0.0,54.6,,,,0.0,,,,215.0,40.721562,
2803461,Wentworth,,7820321.0,No Status Available,1005137503,,Multifamily Housing,,,100.0,Natural Gas,,New York,,1.64,389.8,2011-12-31T00:00:00.000,,0,20.0,0.0,,MANHATTAN,2012-05-01T15:12:59.000,,435.7,,,,1360085.4,,3179709.68,,,,,0.0,0.0,161.9,,,,90.0,,,,42.0,40.725932,
3089570,70 Pine Street,,5425452.9,No Status Available,1000410001,,Office,,,,,82.0,New York,,,18.7,2011-12-31T00:00:00.000,,100,,,,MANHATTAN,2012-05-02T07:22:48.000,,471.47,4088.0,,,1470740.0,,403200.0,,,1.09,,,,5.9,,,,,,,,,40.706315,
2964890,FEDEX Building,128000.0,,No Status Available,1006010026,100.0,Warehouse (Unrefrigerated),,,,,23.0,New York,,,,2011-12-31T00:00:00.000,,0,,,,MANHATTAN,2012-05-01T09:36:57.000,,,,,,,,,,,1.41,,,,,,,,,,,,,40.730356,
2640229,Waterman-,,20947913.3,No Status Available,1001290036,,Office,,,100.0,,68.0,New York,,0.53,251.4,2012-01-31T00:00:00.000,,0,7.0,0.09,,MANHATTAN,2012-04-03T13:00:17.000,IT Energy is not currently metered at this facility - Apply estimates.,1818.22,9943222.72,,,3225290.3,,,,,1.32,,,3.0,107.9,,,,,,,,,40.75978,
2786281,Barry Apfel (Bldgs 1&2),,32474371.9,No Status Available,1003150001,,Multifamily Housing,,,,,,New York,,,99.3,2011-12-31T00:00:00.000,,0,,,,MANHATTAN,2012-04-26T12:49:37.000,,2719.55,,,,8489473.5,,3508288.24,,,,,64.0,,32.1,,,,0.0,,,,3668.0,40.714483,
2805199,170 Second Avenue - 31198,,3589359.1,No Status Available,1004520006,,Multifamily Housing,,,100.0,Natural Gas,,New York,,1.0,111.3,2011-12-31T00:00:00.000,,0,,0.0,6030.0,MANHATTAN,2012-04-27T08:44:57.000,,337.0,,,,1051981.0,,,,,,,3.0,0.0,33.3,,,,90.0,,56.0,,108.0,40.730216,
3172071,2 MOTT ST,,2888877.7,No Status Available,1001620001,,Office,,,,,160.9,New York,,,137.5,2011-12-31T00:00:00.000,,99,,,,MANHATTAN,2012-06-18T09:07:39.000,,183.97,,,,574280.0,,,,,36.75,,,,53.1,,,,,,,,,40.713764,
2817490,145 Fourth,,21787717.3,No Status Available,1005590009,,Multifamily Housing,,,100.0,District Steam,,New York,,3.11,238.4,2011-12-31T00:00:00.000,,0,,2.15,,MANHATTAN,2012-05-29T20:22:41.000,,1636.06,10722549.84,,,2464586.0,,2656000.0,,,3.33,,10.0,29.0,118.5,,,,80.0,,,,110.0,40.733916,
2741936,9 Barrow S,,6369863.9,No Status Available,1005907502,,Multifamily Housing,,,0.0,,,New York,,0.0,185.0,2011-12-31T00:00:00.000,,0,28.0,0.0,,MANHATTAN,2012-04-26T23:09:01.000,,310.79,,,,970186.4,,3059588.0,,,,,7.0,0.0,82.6,,,,90.0,,,,83.0,40.732695,
2921334,7 Washington Mews,,11300.5,No Status Available,1005500013,,Multifamily Housing,,,,,,New York,,,13.8,2011-12-31T00:00:00.000,,0,,,,MANHATTAN,2012-04-30T17:28:28.000,,1.06,,,,3312.0,,0.0,,,,,,,4.1,,,,,,,,,40.731559,
2831236,VLADECK,,,No Status Available,1002670024,,Multifamily Housing,,,,,,MANHATTAN,,,,2011-09-30T00:00:00.000,,0,,,,MANHATTAN,2012-06-27T16:15:48.000,,,,,,,,,,,,,0.0,,,,,,0.0,,,,2431.0,40.711397,
2689435,529 West 20th Street LLC,,5438092.1,No Status Available,1006920015,,Other,,,,,70.0,New York,,,113.8,2011-12-31T00:00:00.000,,0,,,,MANHATTAN,2012-04-27T10:29:43.000,,289.21,,,,902800.0,,,,,,,,,48.8,,,,,,,,,40.746295,
2503775,Trinity- 2,,25019262.1,No Status Available,1002210030,,Office,,,,,68.0,New York,,,196.6,2011-12-31T00:00:00.000,,0,20.0,,,MANHATTAN,2012-03-26T16:39:01.000,,1618.21,,,,5051465.0,,30180.65,,,1.44,,,,75.2,,,,,,,,,40.722992,
2743899,Sage Realt,,,No Status Available,1006270043,,Office,,,,,,New York,,,,2010-12-31T00:00:00.000,,1,,,,MANHATTAN,2012-05-01T08:16:19.000,,,,,,,,,,,,,,,,,,,,,,,,40.739403,
3134192,60 West 13th Street,,6995322.0,No Status Available,1005767501,,Multifamily Housing,,,,Fuel Oil (No. 4),,New York,,,204.8,2011-12-31T00:00:00.000,,0,,,,MANHATTAN,2012-05-07T09:12:30.000,,210.0,,,,655548.4,,231309.68,,,,,,,116.6,,,,10.0,,,,,40.736085,
2709720,37 Washington Square West,,7751770.6,No Status Available,1005520026,,Multifamily Housing,,,,,,New York City,,,80.0,2011-12-31T00:00:00.000,,0,,,,MANHATTAN,2012-04-30T17:28:28.000,,68.51,,,,213870.5,,4500.0,,,,,,,65.1,,,,,,,,,40.73127,
2831169,RIIS/RIIS,,161141226.8,No Status Available,1003560001,,Multifamily Housing,,,,,,MANHATTAN,,,92.1,2012-03-31T00:00:00.000,,0,,,,,2012-06-27T16:15:48.000,,12720.58,,,,39709098.2,,25653783.61,,,,,0.0,,30.9,,,,0.0,,,,12839.0,,
3128246,West 34th,,10016091.4,No Status Available,1007320007,,Multifamily Housing,,,,,,New York,,,154.0,2011-12-31T00:00:00.000,,0,,,,MANHATTAN,2012-05-01T16:20:37.000,,199.35,,,,622300.0,,156200.0,,,,,,,102.3,,,,,,,,,40.754321,
1845662,75 Park Place,,58915150.0,No Status Available,1001270018,,Office,,,,,68.0,New York,,,362.2,2011-12-31T00:00:00.000,,0,,,79.6,MANHATTAN,2012-04-23T11:33:43.000,,5439.21,6171786.0,,,15458195.8,,,,,4.9,,,,116.2,,,,,,0.16,,,40.714233,
2667339,Mayflower,,5446565.5,No Status Available,1008590024,,Office,,,,,78.0,New York,,,147.5,2012-03-31T00:00:00.000,,87,,,,MANHATTAN,2012-04-30T09:02:23.000,,511.36,,,,1596277.0,,68.57,,,2.78,,,,44.2,,,,,,,,,40.74476,
2386803,30 East 9t,,18544797.9,No Status Available,1005607501,,Multifamily Housing,,,100.0,Fuel Oil (No. 5 and No. 6),,New York,,1.89,158.0,2011-12-31T00:00:00.000,,0,,0.0,10610.4,MANHATTAN,2012-05-16T10:57:04.000,,515.51,,,,1609245.4,,374940.76,,,,,26.0,0.0,92.9,,,0.26,80.0,,53.14,1.02,172.0,40.731976,
2693031,DEPM 7636 - 56 Crosby St,,3173171.8,No Status Available,1004837502,,Multifamily Housing,,,100.0,Natural Gas,,New York,,1.0,148.7,2011-12-31T00:00:00.000,,0,,0.0,,MANHATTAN,2012-04-30T08:06:30.000,,201.64,,,,629444.7,,1025506.45,,,,,0.0,0.0,57.2,,,,0.0,,,,18.0,40.722018,
2787957,460 Grand Street - 34362,,9733074.1,No Status Available,1003410001,,Multifamily Housing,,,100.0,Natural Gas,,New York,,1.0,111.5,2011-12-31T00:00:00.000,,0,,0.0,54917.2,MANHATTAN,2012-04-27T10:04:24.000,,913.81,,,,2852600.9,2000.0,,,,,,8.0,0.0,33.4,,,,90.0,,188.31,,286.0,40.715267,
2679903,RY - 250 S,,8955427.5,No Status Available,1000167503,,Multifamily Housing,,,,Natural Gas,,New York,,,131.6,2011-12-31T00:00:00.000,,0,,,,MANHATTAN,2012-04-30T08:06:30.000,,246.9,,,,770721.5,,6325725.81,,,,,15.0,,76.5,,,,0.0,,,,123.0,40.709709,
3118068,284 Lafaye,,3865117.6,No Status Available,1005100006,,Multifamily Housing,,,100.0,Fuel Oil (No. 2),,New York,,1.07,72.1,2011-12-31T00:00:00.000,,0,,0.0,,MANHATTAN,2012-05-01T08:58:53.000,,90.17,,,,281470.5,,631890.0,,,,,0.0,0.0,45.2,,,,90.0,,,,20.0,40.724164,
2682458,30 5th Ave,,17399368.5,No Status Available,1005730039,,Multifamily Housing,,,,Fuel Oil (No. 5 and No. 6),,New York,,,141.6,2011-12-31T00:00:00.000,,0,,,,MANHATTAN,2012-04-27T17:04:07.000,,332.44,,,,1037770.0,,2128600.0,,,,,11.0,,95.1,,,,90.0,,,,198.0,40.733216,
2660190,45 Christo,,11785028.8,No Status Available,1006107501,,Multifamily Housing,,,100.0,Fuel Oil (No. 5 and No. 6),,New York,,2.03,107.0,2011-12-31T00:00:00.000,,0,1.0,2.03,,MANHATTAN,2012-04-24T19:58:09.000,,325.89,,,,1017321.2,,258371.26,,,3.17,,10.0,1.0,63.1,,,,100.0,,,,306.0,40.733757,
2721981,27 North M,,14497039.6,No Status Available,1001907504,,Multifamily Housing,,,,Natural Gas,,New York City,,,179.1,2011-12-31T00:00:00.000,,0,2.0,,4907.9,MANHATTAN,2012-07-31T11:11:05.000,,515.06,,,,1607834.3,5149.0,9011109.09,,,,,0.0,,93.5,,,,90.0,,31.67,,159.0,40.719855,
2640225,101 East 1,,2273706.6,No Status Available,1004667501,,Residence Hall/Dormitory,,,,,77.9,New York,,,138.4,2012-06-30T00:00:00.000,,66,,,,MANHATTAN,2012-07-26T16:00:49.000,,102.91,,,,321259.9,,1177567.74,,,,,,,64.3,,,,,,,,,40.730625,
2831017,EAST 004TH,,2676986.1,No Status Available,1003870047,,Multifamily Housing,,,,,,MANHATTAN,,,107.7,2012-03-31T00:00:00.000,,0,,,,,2012-06-27T16:15:48.000,,16.29,,,,50857.9,,2503458.82,,,,,0.0,,90.0,,,,0.0,,,,0.0,,
2831191,SMITH,,76090666.0,No Status Available,1001110100,,Multifamily Housing,,,,,,MANHATTAN,,,83.3,2012-03-31T00:00:00.000,,0,,,,,2012-06-27T16:15:48.000,,4067.31,,,,12696696.3,,32769538.24,,,,,0.0,,35.4,,,,0.0,,,,4155.0,,
2817600,830-834 Broadway,,764871.4,No Status Available,1005640036,,Multifamily Housing,,,,Natural Gas,,NY,,,34.0,2011-12-31T00:00:00.000,,0,,,,MANHATTAN,2012-05-29T20:22:41.000,,71.48,,,,223139.3,,3520.0,,,,,0.0,,10.2,,,,100.0,,,,37.0,40.73348,
1422213,110 Wall S,,31853068.8,No Status Available,1000370008,,Office,,,,,127.3,New York,,,239.8,2012-02-29T00:00:00.000,,64,,,3805.5,MANHATTAN,2012-05-01T09:38:19.000,,2736.63,17002482.97,,,4352457.8,,,,,2.5,,,,108.9,,,,,,13.0,,,40.704638,
2796739,65 Broadwa,,18481420929.0,No Status Available,1000210004,,Office,,,,,299.0,New York,,,67648.5,2011-12-31T00:00:00.000,,1,,,,MANHATTAN,2012-04-24T15:47:46.000,,1459636.96,18446021292.03,,,10375040.0,,,,,4.52,,,,55720.0,,,,,,,,,40.707113,
2741634,150 Ludlow Street,,956840.4,No Status Available,1004110048,,Multifamily Housing,,,,Natural Gas,,New York,,,79.1,2011-12-31T00:00:00.000,,0,,,,MANHATTAN,2012-04-30T19:08:18.000,,89.84,,,,280433.9,,,,,,,8.0,,23.7,,,,0.0,,,,60.0,40.720768,
2692272,401 Washington Street,,148958.0,No Status Available,1002170014,,Office,,,,,68.0,New York,,,8.3,2012-03-31T00:00:00.000,,0,,,,MANHATTAN,2012-04-29T17:10:25.000,,13.99,,,,43657.1,,,,,0.0,,,,2.5,,,,,,,,,40.721759,
2685952,DEPM 1606,,6722051.7,No Status Available,1005640054,,Multifamily Housing,,,100.0,Fuel Oil (No. 5 and No. 6),,New York,,1.0,77.0,2011-12-31T00:00:00.000,,0,,0.0,,MANHATTAN,2012-04-30T08:06:30.000,,97.59,,,,304655.5,,,,,,,9.0,0.0,56.2,,,,0.0,,,,300.0,40.732991,
2782696,11 Hanover,,,No Status Available,1000280012,,Office,,,,,,New York,,,,2011-11-30T00:00:00.000,,0,,,,MANHATTAN,2012-04-27T12:35:30.000,,,,,,,,,,,,,,,,,,,,,,,,40.705324,
2564787,The 195 Co,,4258981.0,No Status Available,1004257501,,Multifamily Housing,,,,Natural Gas,,New York,,,190.4,2011-12-31T00:00:00.000,,0,,,,MANHATTAN,2012-05-16T11:02:28.000,,152.51,,,,476068.4,,2634635.48,,,,,0.0,,99.1,,,,90.0,,,,98.0,40.721041,
2831101,LOWER EAST,,,No Status Available,1003870144,,Multifamily Housing,,,,,,MANHATTAN,,,,2011-09-30T00:00:00.000,,0,,,,MANHATTAN,2012-06-27T16:15:48.000,,,,,,,,,,,,,0.0,,,,,,0.0,,,,373.0,40.723358,
2685840,DEPM 1640 - 11 Fifth Ave,,24838916.9,No Status Available,1005660001,,Multifamily Housing,,,100.0,Natural Gas,,New York,,1.0,101.6,2011-12-31T00:00:00.000,,0,,0.0,,MANHATTAN,2012-04-30T08:06:30.000,,320.07,,,,999142.7,,21429841.94,,,,,28.0,0.0,74.6,,,,0.0,,,,300.0,40.732407,
3112854,521 West 26th Street,,4212899.2,No Status Available,1006980018,,Office,,,,,120.4,New York,,,70.1,2011-12-31T00:00:00.000,,99,,,,MANHATTAN,2012-05-14T10:36:12.000,,127.05,,,,396600.0,,2859700.0,,,0.22,,,,39.3,,,,,,,,,40.750064,
2793674,30 Crosby,,5454221.9,No Status Available,1004737502,,Multifamily Housing,,,,Natural Gas,,New York,,,177.7,2012-01-31T00:00:00.000,,0,,,,MANHATTAN,2012-05-01T08:58:53.000,,242.83,,,,758028.1,,2867830.0,,,,,0.0,,83.3,,,,100.0,,,,13.0,40.720785,
2679734,RY - 300 Rector Place,,10107990.1,No Status Available,1000167507,,Multifamily Housing,,,100.0,Natural Gas,,New York,,1.0,111.7,2011-12-31T00:00:00.000,,0,,0.0,,MANHATTAN,2012-04-30T08:06:30.000,,315.89,,,,986087.9,,6743458.06,,,,,36.0,0.0,61.7,,,,0.0,,,,154.0,40.709097,
2810291,(7122) - Reade House Condo,,47635501.3,No Status Available,1001407502,,Multifamily Housing,,,100.0,Natural Gas,,New York,,1.0,819.7,2011-12-31T00:00:00.000,,0,,0.0,,MANHATTAN,2012-05-01T18:03:21.000,,178.54,,,,557326.0,,45733905.0,,,,,4.0,0.0,719.9,,,,20.0,,,,67.0,40.716745,
2918387,15 W. 39th,,1793709997.0,No Status Available,1008410027,,Office,,,,,182.6,New York,,,25398.2,2012-01-31T00:00:00.000,,1,,,,MANHATTAN,2012-04-10T12:32:09.000,,141619.72,1793287362.86,,,123867.0,,,,,0.04,,,,20981.5,,,,,,,,,40.751923,
3108944,Newmark - 154 West 14th Street,,9228777.6,No Status Available,1006090007,,Office,,,,,84.8,New York,,,220.2,2011-12-31T00:00:00.000,,71,,,,MANHATTAN,2012-04-27T16:26:53.000,,866.47,,,,2704800.0,,,,,3.57,,,,65.9,,,,,,,,,40.737992,
2667342,43 West 13th St,,2541012.0,No Status Available,1005770066,,Multifamily Housing,,,,Fuel Oil (No. 5 and No. 6),,New York,,,95.1,2011-12-31T00:00:00.000,,0,,,,MANHATTAN,2012-05-01T10:01:51.000,,73.73,,,,230172.6,,354911.53,,,,,4.0,,54.8,,,,100.0,,,,31.0,40.735931,
2721694,71 Thomas,,4735556.0,No Status Available,1001480010,,Office,,,,,68.9,New York,,,154.6,2011-12-31T00:00:00.000,,81,,,,MANHATTAN,2012-04-23T14:48:18.000,,444.59,1568.37,,,1387452.4,,,,,2.54,,,,46.3,,,,,,,,,40.716965,
3119199,438-448 We,,10164863.3,No Status Available,1007347501,,Multifamily Housing,,,,Natural Gas,,New York,,,93.6,2011-12-31T00:00:00.000,,0,120.0,,,MANHATTAN,2012-05-01T08:58:53.000,,155.18,,,,484423.0,,174100.0,,,,,8.0,,67.4,,,,100.0,,,,65.0,40.755979,
2977816,80 Lafayette St.,,25745112.5,No Status Available,1001720020,,Multifamily Housing,,,,Natural Gas,,New York,,,116.3,2011-12-31T00:00:00.000,,0,13.0,,,MANHATTAN,2012-05-01T09:33:05.000,,430.03,,,,1342400.0,,6289500.0,,,,,45.0,,81.1,,,,80.0,,,,577.0,40.717064,
2630956,57 West 38th Street,,,No Status Available,1008407501,,Office,,,,,,New York,,,,2010-12-31T00:00:00.000,,0,,,,MANHATTAN,2012-04-26T13:58:15.000,,,,,,,,,,,,,,,,,,,,,,,,40.751712,
3089550,84 William Street,,3759987.5,No Status Available,1000680016,,Multifamily Housing,,,,,,New York,,,107.5,2011-12-31T00:00:00.000,,0,,,,MANHATTAN,2012-05-14T10:57:30.000,,352.94,4945.0,,,1100540.0,,,,,,,6.0,,32.2,,,,100.0,,,,242.0,40.708028,
2883068,240 Greene Street,,98664.8,No Status Available,1005460015,,College/University (Campus-Level),,,,,104.0,New York City,,,25.6,2011-12-31T00:00:00.000,,0,,,,MANHATTAN,2012-04-30T17:28:28.000,,9.26,,,,28917.0,,,,,,,,,7.7,,,,,,,,,40.72958,
2643982,50 E 8 ST,,,No Status Available,1005480028,,Multifamily Housing,,,,,,New York,,,,2010-12-31T00:00:00.000,,0,,,,MANHATTAN,2012-04-27T13:03:59.000,,,,,,,,,,,,,,,,,,,,,,,,40.731119,
2656282,Heller- 12,,11176658.6,No Status Available,1000920030,,Office,,,,,125.1,New York,,,185.1,2012-01-31T00:00:00.000,,78,31.0,,,MANHATTAN,2012-04-06T11:33:20.000,,483.18,,,,1508326.8,,1224825.81,,,3.38,,,,88.7,,,,,,,,,40.710986,
2776030,299 West 12th Street,,13431192.2,No Status Available,1006257501,,Multifamily Housing,,,,Natural Gas,,New York,,,148.3,2011-12-31T00:00:00.000,,0,,,,MANHATTAN,2012-04-28T16:30:26.000,,311.48,,,,972320.0,,343300.0,,,,,28.0,,93.5,,,,100.0,,,,250.0,40.737556,
2769641,Village Pl,,4352311.7,No Status Available,1005640031,,Multifamily Housing,,,,,,New York,,,89.5,2011-12-31T00:00:00.000,,0,,,,MANHATTAN,2012-04-20T17:50:19.000,,49.96,,,,155948.5,,3404143.89,,,,,0.0,,67.6,,,,0.0,,,,56.0,40.734303,
2704310,509-525 We,12500.0,3613263.5,No Status Available,1007060020,0.0,Other,,,,,70.0,New York,,,99.2,2011-12-31T00:00:00.000,,0,,,,MANHATTAN,2012-05-01T09:17:27.000,,149.65,,,,467153.6,,2019335.29,,,1.2,,,,48.2,,,,,,,,,40.754947,
2379801,40 Fulton Street,,14665342.4,No Status Available,1000750021,,Office,,,100.0,,72.4,New York,,1.2,196.0,2011-12-31T00:00:00.000,,68,,0.0,1773.5,MANHATTAN,2012-04-30T15:51:03.000,,1376.89,,,,4298166.0,,,,,1.16,,,0.0,58.7,,,,,,7.1,,,40.707904,
2831169,RIIS/RIIS,,161141226.8,No Status Available,1003620001,,Multifamily Housing,,,,,,MANHATTAN,,,92.1,2012-03-31T00:00:00.000,,0,,,,,2012-06-27T16:15:48.000,,12720.58,,,,39709098.2,,25653783.61,,,,,0.0,,30.9,,,,0.0,,,,12839.0,,
2668357,Witkoff - 10 Hanover Square,,47058824.8,No Status Available,1000310001,,Multifamily Housing,,,100.0,,,New York,,1.0,225.9,2011-12-31T00:00:00.000,,0,,0.0,,MANHATTAN,2012-04-30T08:06:30.000,,4088.26,22090265.64,,,7317866.1,,,,,,,47.0,0.0,96.5,,,,0.0,,,,209.0,40.704328,
2782254,451 Broome,,5143137.6,No Status Available,1004740029,,Multifamily Housing,,,100.0,Natural Gas,,New York,,1.33,103.7,2011-12-31T00:00:00.000,,0,,0.0,,MANHATTAN,2012-05-01T08:58:53.000,,123.65,,,,385988.0,,113600.0,,,,,0.0,0.0,64.5,,,,100.0,,,,24.0,40.722117,
2587898,MMS432 - West 21st street,,3091966.3,No Status Available,1006930014,,Self-Storage,,,,,10.0,New York,,,86.4,2011-12-31T00:00:00.000,,0,,,,MANHATTAN,2012-04-30T10:06:26.000,,192.85,,,,601994.8,,1037960.0,,,,,,,33.6,,,,,,,,,40.746918,
2679751,DEPM 7628 - 444 West 19th St,,3254750.9,No Status Available,1007167501,,Multifamily Housing,,,,Natural Gas,,New York,,,131.5,2011-12-31T00:00:00.000,,0,,,,MANHATTAN,2012-04-30T08:06:30.000,,133.3,,,,416105.2,,1835000.0,,,,,0.0,,64.3,,,,0.0,,,,70.0,40.744695,
2791297,(7014-7016) - Saint George Condo/Coop,,4141817.6,No Status Available,1004627501,,Other,,,,Natural Gas,70.0,New York,,,72.7,2011-12-31T00:00:00.000,,0,,,,MANHATTAN,2012-05-01T18:03:21.000,,85.72,,,,267579.6,,3228836.03,,,,,3.0,,46.8,,,,100.0,,,,50.0,40.728446,
3117369,60 Hudson,,328315548.8,No Status Available,1001440040,,Office,,,,,85.2,New York,,,1317.9,2011-12-31T00:00:00.000,,1,,,,,2012-05-01T09:10:37.000,,29228.03,,,,91239454.5,,5954.55,,,2.3,,,,409.4,,,,,,,,,,
2383900,35 East 10,,4544740.4,No Status Available,1005620040,,Multifamily Housing,,,100.0,Fuel Oil (No. 2),,New York,,0.89,87.8,2011-12-31T00:00:00.000,,0,,0.0,2055.4,MANHATTAN,2012-05-16T10:57:04.000,,159.76,,,,498707.0,,98855.43,,,,,8.0,0.0,46.6,,,,80.0,,21.08,,94.0,40.732319,
2947262,DEPM 1290 - 114 Greene St,,3818581.1,No Status Available,1004997502,,Multifamily Housing,,,100.0,Natural Gas,,New York,,1.0,187.8,2011-12-31T00:00:00.000,,0,,0.0,,MANHATTAN,2012-04-30T08:06:30.000,,224.19,,,,699851.4,,529200.0,,,,,0.0,0.0,76.0,,,,0.0,,,,15.0,40.724623,
2774784,174 Forsythe,,3801159.8,No Status Available,1004210044,,Multifamily Housing,,,,,,New York,,,143.0,2011-12-31T00:00:00.000,,0,,,,,2012-05-02T07:22:48.000,,100.69,,,,314320.0,,2728700.0,,,,,2.0,,84.4,,,,100.0,,,,80.0,,
3115599,666 Broadway,,6850710.3,No Status Available,1005297501,,Office,,,,,95.3,New York,,,194.3,2012-01-31T00:00:00.000,,78,,,,MANHATTAN,2012-05-01T08:58:53.000,,441.19,,,,1377224.6,,2151620.0,,,2.29,,,,74.2,,,,,,,,,40.727065,
2831174,RUTGERS,,80179052.4,No Status Available,1002550001,,Multifamily Housing,,,,,,MANHATTAN,,,182.6,2012-03-31T00:00:00.000,,0,,,,,2012-06-27T16:15:48.000,,1655.83,,,,5168923.5,,62542685.29,,,,,0.0,,117.7,,,,0.0,,,,1558.0,,
2637905,165 Duane St.,,4877520.0,No Status Available,1001430001,,Multifamily Housing,,,,Natural Gas,,New York,,,130.9,2011-12-31T00:00:00.000,,0,,,,MANHATTAN,2012-04-27T17:22:39.000,,207.06,,,,646371.3,,2672101.25,,,1.28,,0.0,,62.8,,,,100.0,,,,75.0,40.717283,
2730997,497 Greenw,,5174057.5,No Status Available,1005947504,,Multifamily Housing,,,,Natural Gas,,New York,,,181.0,2011-12-31T00:00:00.000,,0,,,2225.4,MANHATTAN,2012-07-31T11:11:05.000,,233.76,,,,729713.1,,2684276.25,,,2.3,,0.0,,84.2,,,,100.0,,36.2,,24.0,40.725352,
2647982,200 Varick Associates,,,No Status Available,1005200001,,Office,,,80.0,,129.5,New York,,1.65,,2011-11-30T00:00:00.000,,74,,0.4,,MANHATTAN,2012-04-23T14:37:50.000,,,,,,,,,,,3.61,,,16.0,,,,,,,,,,40.728347,
2560615,TRIBECA PO,,40222665.5,No Status Available,1000160210,,Multifamily Housing,,,,,,NEW YORK,,,177.6,2011-12-31T00:00:00.000,,0,,,,MANHATTAN,2012-03-28T15:12:16.000,,883.87,,,,2759129.8,,27790018.18,,,,,40.0,,112.4,,,5.13,,,,5.13,,40.71793,
2636842,210 11th A,,7694659.9,No Status Available,1006960065,,Office,,,,,68.0,New York,,,123.2,2011-12-31T00:00:00.000,,0,106.0,,1042.4,MANHATTAN,2012-04-30T07:46:05.000,,257.52,,,,803871.0,,6151.61,,,2.14,,,,66.9,,,,,,9.07,,,40.74986,
2731067,130 Water,,7653864.0,No Status Available,1000397501,,Multifamily Housing,,,,Fuel Oil (No. 5 and No. 6),,New York,,,119.9,2012-02-29T00:00:00.000,,0,2.0,,10.6,MANHATTAN,2012-07-31T11:11:05.000,,160.3,,,,500407.3,,,,,,,16.0,,78.4,,,,100.0,,0.11,,128.0,40.705522,
2831236,VLADECK,,,No Status Available,1002600001,,Multifamily Housing,,,,,,MANHATTAN,,,,2011-09-30T00:00:00.000,,0,,,,MANHATTAN,2012-06-27T16:15:48.000,,,,,,,,,,,,,0.0,,,,,,0.0,,,,2431.0,40.711397,
2637859,Confucius Plaza,,68958213.8,No Status Available,1002899001,,Multifamily Housing,,,,Natural Gas,,New York,,,132.2,2011-12-31T00:00:00.000,,0,,,,MANHATTAN,2012-04-27T17:22:39.000,,3636.29,,,,11351200.0,,30227919.39,,,,,38.0,,56.6,,,,100.0,,,,1437.0,40.714138,
2481084,NY3-222 222 Broadway,,94308617.8,No Status Available,1000890012,,Bank/Financial Institution,,,100.0,,149.7,New York,,0.93,371.0,2011-12-31T00:00:00.000,,63,9.0,1.67,18204.0,MANHATTAN,2012-04-28T19:35:42.000,IT Energy is not currently metered at this facility - Apply estimates.,8495.5,21635741.78,,,21187709.2,,277439.39,,No,,,,17.0,130.6,,,,,,25.2,,,40.711313,
3095325,86 Greenwi,,,No Status Available,1000510013,,Office,,,,,124.5,New York,184.11,,,2012-01-31T00:00:00.000,,1,,,,MANHATTAN,2012-04-17T17:42:52.000,,,,,,,,,,,0.01,,,,,,,,,,,,,40.707676,
3197938,42 Trinity,,5075704.8,No Status Available,1000190013,,Retail,,,100.0,,64.8,New York,,0.48,234.4,2011-12-31T00:00:00.000,,31,,0.0,,MANHATTAN,2012-06-18T11:21:04.000,,378.31,,,,1180951.0,,1046300.0,,,,,,0.0,81.7,,,,,,,,,40.707437,
2658799,166 Duane St,,8077066.7,No Status Available,1001417504,,Multifamily Housing,,,,Natural Gas,,New York,,,126.5,2011-12-31T00:00:00.000,,0,,,,MANHATTAN,2012-04-29T12:11:18.000,,297.4,,,,928365.3,,4909484.38,,,2.4,,0.0,,65.0,,,,100.0,,,,89.0,40.717036,
2649463,CBRE- 100,,43884393.4,No Status Available,1000680036,,Office,,,,,131.4,New York,,,382.7,2011-12-31T00:00:00.000,,70,7.0,,,MANHATTAN,2012-05-01T10:26:13.000,IT Energy is not currently metered at this facility - Apply estimates.,4120.2,,,,12861780.0,,,,,5.27,,,,114.6,,,,,,,,,40.708497,
2667624,"Wells 60 Broad Street, LLC",,94944783.8,No Status Available,1000240001,,Office,,,,,126.6,NY,,,228.2,2012-02-29T00:00:00.000,,83,,,5772.4,MANHATTAN,2012-04-30T14:33:54.000,IT Energy is not currently metered at this facility - Apply estimates.,8398.22,34537644.0,,,17704320.0,,,,,2.59,,,,89.0,,,,,,5.41,,,40.705351,
2682419,RY - 50 Ba,,8376286.5,No Status Available,1000160015,,Multifamily Housing,,,,Natural Gas,,New York,,,85.7,2011-12-31T00:00:00.000,,0,,,,MANHATTAN,2012-04-30T08:06:30.000,,421.09,,,,1314505.5,,3891193.55,,,,,36.0,,37.7,,,,0.0,,,,297.0,40.706284,
2710853,395 Broadway,,8027342.0,No Status Available,1001937501,,Multifamily Housing,,,80.0,,,New York,,1.0,131.1,2011-12-31T00:00:00.000,,0,,0.0,,MANHATTAN,2012-04-26T23:18:01.000,,217.81,,,,679930.8,,90854.0,,,4.59,,7.0,0.0,77.8,,,,90.0,,,,117.0,40.71845,
2815576,Cabrini,,8556072.0,No Status Available,1004000031,,Senior Care Facility,,,,,152.2,New York,,,188.4,2011-12-31T00:00:00.000,100.0,94,,,,MANHATTAN,2012-05-14T10:36:12.000,,314.26,,,,981000.0,,5208900.0,,,,,,,96.9,,,,,,,,,40.724416,
2730967,Heywood,,6880640.2,No Status Available,1007237501,,Multifamily Housing,,,,Natural Gas,,New York,,,158.2,2011-12-31T00:00:00.000,,0,,,2242.7,,2012-07-31T11:11:05.000,,325.72,,,,1016781.8,,3411380.65,,,,,0.0,,71.8,,,,100.0,,23.4,,60.0,,
2430719,Trinity- 1,,4784630.1,No Status Available,1005790070,,Office,,,,,91.2,New York,,,148.2,2011-12-31T00:00:00.000,,85,,,,MANHATTAN,2012-03-26T16:39:01.000,,426.21,1540456.43,,,950812.9,,,,,3.78,,,,55.8,,,,,,,,,40.725789,
2492880,29 Broadway,,97011010.4,Application - Label Sent (24-JAN-12),1000200001,,Office,,,,,181.7,New York,,,478.0,2011-12-31T00:00:00.000,,7,,,,MANHATTAN,2012-04-30T13:45:00.000,,7832.79,85377696.03,,,3409529.4,,,,,2.17,,,,326.2,,,,,,,,,40.70601,
2614608,Western Un,,327779882.4,No Status Available,1001440040,,Data Center,,,,,,New York,,,984.7,2012-01-31T00:00:00.000,,0,,,,MANHATTAN,2012-03-27T09:06:34.000,IT Energy is not currently metered at this facility - Apply estimates.,29297.09,,,,91455034.1,,7883.52,,,0.0,,,,305.0,,,,,,,,,40.717876,
2791044,495 Broadw,,10054785.0,No Status Available,1004840024,,Office,,,10.0,,68.0,New York,,0.88,265.1,2011-12-31T00:00:00.000,,0,51.0,1.63,,MANHATTAN,2012-05-01T09:31:11.000,,525.25,,,,1639642.4,,3796240.0,,,1.95,,,13.0,114.3,,,,,,,,,40.722117,
2779662,NYEEI North Bldg,,49155608.7,No Status Available,1004550005,,Hospital (General Medical and Surgical),1.0,,,,302.2,New York,,,612.3,2012-03-31T00:00:00.000,,23,,,,MANHATTAN,2012-05-01T15:26:01.000,,2581.64,16985535.87,,,3872796.7,,18956090.32,,,,,,,356.0,1.0,,,,,,,,40.732131,
2975816,340 West S,470577.0,34520779.9,No Status Available,1005960001,50.0,Warehouse (Unrefrigerated),,,,,45.5,New York,,,165.8,2011-12-31T00:00:00.000,,18,,,2550.7,MANHATTAN,2012-07-31T11:11:05.000,,2906.44,16490888.36,,,5008627.5,,940454.64,,,,,,,73.4,,,,,,5.42,,,40.728877,
2796427,129 Lafaye,,4428757.5,No Status Available,1002087501,,Multifamily Housing,,,,Natural Gas,,New York,,,132.7,2012-01-31T00:00:00.000,,0,,,,MANHATTAN,2012-05-01T08:58:53.000,,220.57,,,,688539.7,,2079460.0,,,,,0.0,,58.6,,,,100.0,,,,58.0,40.718897,
2680672,Thor - 536,,5891948.5,No Status Available,1004970004,,Office,,,100.0,,110.5,New York,,1.0,141.5,2011-12-31T00:00:00.000,,87,,0.0,,MANHATTAN,2012-04-30T08:06:30.000,,277.61,,,,866593.5,,,,,2.3,,,0.0,64.9,,,,,,,,,40.723341,
3020336,25 Broad St,,25686773.8,No Status Available,1000250019,,Multifamily Housing,,,100.0,,,New York,,1.0,149.3,2011-12-31T00:00:00.000,,0,,0.05,,MANHATTAN,2012-04-28T17:02:05.000,,2003.55,12499138.26,,,3173917.8,,2358228.0,,,,,0.0,1.0,71.4,,,,100.0,,,,340.0,40.706114,
2688400,MMS418 - S,,14834643.2,No Status Available,1005790030,,Self-Storage,,,,,10.0,New York,,,137.7,2011-12-31T00:00:00.000,,0,4.0,,899.6,MANHATTAN,2012-05-01T07:57:49.000,,874.85,,,,2730953.7,,5516629.25,,,2.3,,,,55.4,,,,,,3.36,,,40.725698,
