objectid,globalid,location,zipcode,srpriority,geometry,bin,srsource,congressional,complainttype
16615349,19FE2D34-AC17-4F72-AA42-807ABDA8AC77,"{'type': 'Point', 'coordinates': [-73.87731263751068, 40.895556962897636]}",,Routine,POINT(-73.87731263751068 40.895556962897636),,AMPS,,
18397085,F6D15EE2-8497-42DF-B11B-51C29707B239,"{'type': 'Point', 'coordinates': [-74.12259573818254, 40.6226162674131]}",,Routine,POINT(-74.12259573818254 40.6226162674131),,AMPS,,
26238935,CECCFDF7-4DC4-428D-8841-F7BA8665E5B2,"{'type': 'Point', 'coordinates': [-73.95214008651357, 40.79864359712589]}",10026.0,Routine,POINT(-73.95214008651357 40.79864359712589),1090322.0,3-1-1 Call Center,13.0,New Tree Request
21265296,91CC808B-FF6C-4DD9-8252-0AD031F9B156,"{'type': 'Point', 'coordinates': [-74.11032894095707, 40.64359027082602]}",,Routine,POINT(-74.11032894095707 40.64359027082602),,AMPS,,
17776954,2F7F1E6A-7E3A-4720-877A-E3D43B0BDAC4,"{'type': 'Point', 'coordinates': [-73.97855271741524, 40.660595162365624]}",,Routine,POINT(-73.97855271741524 40.660595162365624),,AMPS,,
3907958,5A1047D7-7D25-4E5D-8DE7-469D6BA9E057,"{'type': 'Point', 'coordinates': [-73.90000579718433, 40.697190126135936]}",11385.0,Routine,POINT(-73.90000579718433 40.697190126135936),4086054.0,Correspondence,7.0,
24033165,AD52FA65-A71C-4251-BFDA-0AC73787B7CC,"{'type': 'Point', 'coordinates': [-74.10894396953499, 40.619061581340816]}",,Routine,POINT(-74.10894396953499 40.619061581340816),,AMPS,,
15606192,75D96873-6499-4F04-892C-066C9397D8C5,"{'type': 'Point', 'coordinates': [-73.77578693996497, 40.72633458414124]}",,Routine,POINT(-73.77578693996497 40.72633458414124),,AMPS,,
24582042,01223451-AADA-4586-B634-DDF52871422F,"{'type': 'Point', 'coordinates': [-73.90228735273695, 40.73796265936747]}",,Routine,POINT(-73.90228735273695 40.73796265936747),,AMPS,,
102016,CA8D4630-675C-402E-B98A-7D0F074282AD,"{'type': 'Point', 'coordinates': [-74.1575679307096, 40.54447848960122]}",10308.0,Routine,POINT(-74.1575679307096 40.54447848960122),,Park Inspection Program,11.0,
26473804,D74416EA-60D6-4206-A376-5A5926846463,"{'type': 'Point', 'coordinates': [-73.7872449229911, 40.6846196416912]}",,Routine,POINT(-73.7872449229911 40.6846196416912),,AMPS,,
13193908,AB5D570B-F36A-4C27-828C-901C30B8F198,"{'type': 'Point', 'coordinates': [-74.087111502379, 40.63032715133558]}",,Routine,POINT(-74.087111502379 40.63032715133558),,AMPS,,
745445,E3C438AD-932C-4582-A531-F2D21C69109C,"{'type': 'Point', 'coordinates': [-74.169716481812, 40.54599875268617]}",10312.0,ASAP,POINT(-74.169716481812 40.54599875268617),5113501.0,Correspondence,11.0,
5392772,7277F626-EBAB-495D-BEA4-30DA48996E64,"{'type': 'Point', 'coordinates': [-73.8943772288228, 40.82486322876445]}",,Routine,POINT(-73.8943772288228 40.82486322876445),,Park Inspection Program,,
25146294,CB4AF2CA-5652-4125-B3AC-71BB1FAC9C32,"{'type': 'Point', 'coordinates': [-74.16000028248367, 40.61254880967997]}",10314.0,Routine,POINT(-74.16000028248367 40.61254880967997),,Correspondence,11.0,
5537561,A16901AB-2B97-4AE7-9942-F6288C777D14,"{'type': 'Point', 'coordinates': [-73.8436370715775, 40.735175400331116]}",,Routine,POINT(-73.8436370715775 40.735175400331116),,Park Inspection Program,,
26118520,BDF81736-DC6A-4AD1-BDC0-2DD3EB09BA7A,"{'type': 'Point', 'coordinates': [-74.08509346036857, 40.574184114994885]}",,Routine,POINT(-74.08509346036857 40.574184114994885),,AMPS,,
22620618,14DFD213-3755-443C-9951-08A337FF0C07,"{'type': 'Point', 'coordinates': [-74.03340363610647, 40.61151519532964]}",,Routine,POINT(-74.03340363610647 40.61151519532964),,AMPS,,
25491118,F38D9742-8418-4372-9D7D-ED21D10EC883,"{'type': 'Point', 'coordinates': [-73.95473990579178, 40.722211903548974]}",,ASAP,POINT(-73.95473990579178 40.722211903548974),,Correspondence,,
18991392,F590E045-5056-4A45-9A18-D6BA92DCA26C,"{'type': 'Point', 'coordinates': [-73.94889797574336, 40.72108492311339]}",,Routine,POINT(-73.94889797574336 40.72108492311339),,AMPS,,
18370414,AB9E4FC6-F364-4C8C-BEAD-FC60CE3114AC,"{'type': 'Point', 'coordinates': [-74.01012994023624, 40.60121939554318]}",11214.0,Routine,POINT(-74.01012994023624 40.60121939554318),,Department of Parks and Recreation - Public Web Site,11.0,Damaged Tree
9739166,54F64017-22A1-48CC-93B1-FDF418BA8F3D,"{'type': 'Point', 'coordinates': [-73.97511492604929, 40.594199518484245]}",,ASAP,POINT(-73.97511492604929 40.594199518484245),3193423.0,Correspondence,,
3846758,FB82B818-1A1F-4AB5-A047-8500CECC06B8,"{'type': 'Point', 'coordinates': [-73.91610190794655, 40.709183971918904]}",11385.0,Routine,POINT(-73.91610190794655 40.709183971918904),,Correspondence,7.0,
22690793,CE5FD778-9213-42F9-AC15-D442F3697396,"{'type': 'Point', 'coordinates': [-73.88825524410939, 40.82248935906566]}",,Routine,POINT(-73.88825524410939 40.82248935906566),,AMPS,,
24831574,8FFAF225-D396-4D9B-A577-230315716A1B,"{'type': 'Point', 'coordinates': [-73.96786217733052, 40.7068126954052]}",,Routine,POINT(-73.96786217733052 40.7068126954052),,AMPS,,
21774226,E5BFC3F7-463B-4367-98DC-3B404594E28D,"{'type': 'Point', 'coordinates': [-73.8633457661643, 40.67591546702085]}",,Routine,POINT(-73.8633457661643 40.67591546702085),,AMPS,,
18960889,AFA29DF6-40A6-4DD3-8151-DDC328395A7C,"{'type': 'Point', 'coordinates': [-73.86426347892073, 40.6594443629757]}",,Routine,POINT(-73.86426347892073 40.6594443629757),,AMPS,,
18846758,724E4303-C96B-44B0-9B9F-02CB6F0E146F,"{'type': 'Point', 'coordinates': [-73.77514881020954, 40.674828289136165]}",,Routine,POINT(-73.77514881020954 40.674828289136165),,AMPS,,
19072062,4BAC4ED4-E1DA-47E9-8DA9-1F378C201DF1,"{'type': 'Point', 'coordinates': [-73.76786022174045, 40.59835192356935]}",,ASAP,POINT(-73.76786022174045 40.59835192356935),,DPR,,
19171361,7F41A366-7C05-41F5-B4D0-57C98E8DCC56,"{'type': 'Point', 'coordinates': [-73.9467349877998, 40.57654220617864]}",,ASAP,POINT(-73.9467349877998 40.57654220617864),,Correspondence,,
5465973,C237061B-7830-4B79-BD67-77520625D8DB,"{'type': 'Point', 'coordinates': [-73.9682894345951, 40.78465070185384]}",,Routine,POINT(-73.9682894345951 40.78465070185384),,Park Inspection Program,,
23212122,57172455-19D2-46E3-9F50-51846AA1EA8A,"{'type': 'Point', 'coordinates': [-73.94339830641609, 40.67436624797318]}",,Routine,POINT(-73.94339830641609 40.67436624797318),,AMPS,,
24118210,D805D07E-7551-49F2-948D-3C3CE09B9193,"{'type': 'Point', 'coordinates': [-73.93155546648427, 40.790321542728336]}",,Routine,POINT(-73.93155546648427 40.790321542728336),1000000.0,AMPS,,
24467973,120D66BB-7066-4E31-9CCF-3FE46AF63EA6,"{'type': 'Point', 'coordinates': [-73.94834551163285, 40.720572242026854]}",,Routine,POINT(-73.94834551163285 40.720572242026854),,AMPS,,
12014769,3CE0342E-0D4E-4CFC-9882-88C903B3B71D,"{'type': 'Point', 'coordinates': [-73.86500273935508, 40.88002825595936]}",,Routine,POINT(-73.86500273935508 40.88002825595936),,Park Inspection Program,,
18080046,50468CF7-D60E-4B48-BB04-DC786DEE81B3,"{'type': 'Point', 'coordinates': [-73.94934172630511, 40.702311761334784]}",,Routine,POINT(-73.94934172630511 40.702311761334784),,AMPS,,
3146764,036D2435-C0C0-4842-9D57-ED1D36AABB2F,"{'type': 'Point', 'coordinates': [-74.20278499187832, 40.516624155289655]}",10309.0,Routine,POINT(-74.20278499187832 40.516624155289655),,Department of Parks and Recreation - Public Web Site,11.0,Damaged Tree
5456358,C9E6E491-836A-46C5-8B51-919145836143,"{'type': 'Point', 'coordinates': [-73.96988142369881, 40.58697338274896]}",,Routine,POINT(-73.96988142369881 40.58697338274896),,Park Inspection Program,,
20878461,DA2D3B71-D9D2-4A38-8E52-3A4AC3EDBA5F,"{'type': 'Point', 'coordinates': [-73.87987804752281, 40.65905425061942]}",,Routine,POINT(-73.87987804752281 40.65905425061942),,AMPS,,
17585906,E7BB1D21-4F74-4E18-903E-1AB3984C5C1F,"{'type': 'Point', 'coordinates': [-73.99012957660737, 40.699243783066805]}",,Routine,POINT(-73.99012957660737 40.699243783066805),,AMPS,,
20679359,FDAE0251-F556-464B-92A4-26008383111E,"{'type': 'Point', 'coordinates': [-73.94889178020641, 40.69703888521064]}",,Routine,POINT(-73.94889178020641 40.69703888521064),,AMPS,,
5474360,02B73482-970C-4E65-9417-348949BA96B2,"{'type': 'Point', 'coordinates': [-73.94493111972885, 40.773708506863535]}",,Routine,POINT(-73.94493111972885 40.773708506863535),,Park Inspection Program,,
19352450,3E6DB200-C529-49F9-B2B6-212681E948AD,"{'type': 'Point', 'coordinates': [-74.19123021764885, 40.5181322225533]}",,Routine,POINT(-74.19123021764885 40.5181322225533),,AMPS,,
23637126,09466809-5C22-4110-9C78-7CAF6327AFC6,"{'type': 'Point', 'coordinates': [-73.81047451127802, 40.74743384615023]}",,Routine,POINT(-73.81047451127802 40.74743384615023),,AMPS,,
25389262,4A04C6DF-5F3C-42FE-8519-0EE528AD1588,"{'type': 'Point', 'coordinates': [-73.91992709965855, 40.87860608612707]}",,Routine,POINT(-73.91992709965855 40.87860608612707),,AMPS,,
19581103,6B8EB9BE-88C7-4ABB-807E-2F280A5EE781,"{'type': 'Point', 'coordinates': [-73.81340340566004, 40.82220825063683]}",,Routine,POINT(-73.81340340566004 40.82220825063683),,AMPS,,
22879409,49C43B69-CF1F-44D2-B7A2-24429FB4F153,"{'type': 'Point', 'coordinates': [-73.92250295046934, 40.844258945171056]}",,Routine,POINT(-73.92250295046934 40.844258945171056),,AMPS,,
680383,D1B38EE3-F8A7-47E7-99B8-EAAFD2780365,"{'type': 'Point', 'coordinates': [-73.96671835185404, 40.64300837990676]}",11218.0,Routine,POINT(-73.96671835185404 40.64300837990676),3118289.0,DPR,9.0,
23355471,D3F793BA-5613-4D66-868A-17C6A73D1A6D,"{'type': 'Point', 'coordinates': [-73.88116660951998, 40.82454979884783]}",,Routine,POINT(-73.88116660951998 40.82454979884783),,AMPS,,
8928362,66B621A9-91D1-4887-A9C8-20AD1E85682D,"{'type': 'Point', 'coordinates': [-73.91746908943614, 40.8861644077805]}",,Routine,POINT(-73.91746908943614 40.8861644077805),,Park Inspection Program,,
5390776,270FB590-0FB4-4B6C-84DC-FA98C56D2A15,"{'type': 'Point', 'coordinates': [-73.83137350569953, 40.83797292670932]}",,Routine,POINT(-73.83137350569953 40.83797292670932),,Park Inspection Program,,
15627645,65CC74AB-68A6-4F93-BD16-3502945EA4E6,"{'type': 'Point', 'coordinates': [-73.97349973145174, 40.69068363269943]}",,Routine,POINT(-73.97349973145174 40.69068363269943),,AMPS,,
8153163,270AFDAA-3D3B-480C-BDDF-5083DC78E635,"{'type': 'Point', 'coordinates': [-73.89547712925972, 40.83675056785543]}",,Routine,POINT(-73.89547712925972 40.83675056785543),,DPR,,
8296373,F3208B5F-F0BD-4C13-9478-3938D2E3F939,"{'type': 'Point', 'coordinates': [-73.93956927965522, 40.59892326589899]}",11229.0,Routine,POINT(-73.93956927965522 40.59892326589899),3200408.0,Correspondence,9.0,
23275432,24436A5C-6C77-4399-8B7B-F70824738AB4,"{'type': 'Point', 'coordinates': [-73.90824431114687, 40.83758388370249]}",,Routine,POINT(-73.90824431114687 40.83758388370249),,AMPS,,
21851282,D0110A05-B58D-498B-90F1-5E3D3F8A8A8E,"{'type': 'Point', 'coordinates': [-74.00461949117445, 40.64834700516814]}",,Routine,POINT(-74.00461949117445 40.64834700516814),,AMPS,,
26480449,94ADE29E-A8A2-4BE6-B1AC-17959F0FC150,"{'type': 'Point', 'coordinates': [-73.91010588099364, 40.71313609415118]}",11385.0,Routine,POINT(-73.91010588099364 40.71313609415118),4433898.0,3-1-1 Call Center,7.0,New Tree Request
26001908,E7629612-8F6F-49B3-A8A3-3F4B5946776D,"{'type': 'Point', 'coordinates': [-73.79164752268385, 40.71863023951714]}",,Routine,POINT(-73.79164752268385 40.71863023951714),,AMPS,,
12295571,C245C452-EEFC-4C8E-8E1E-E3939CC4C9DF,"{'type': 'Point', 'coordinates': [-73.99485260742725, 40.700736749455565]}",,ASAP,POINT(-73.99485260742725 40.700736749455565),,Correspondence,,
10593167,65FF3934-541B-4F18-B1C6-880D995C7345,"{'type': 'Point', 'coordinates': [-74.13501671342623, 40.62290147956504]}",,Routine,POINT(-74.13501671342623 40.62290147956504),,AMPS,,
26199225,77C91FE8-A5C7-4CB0-B147-EE0E4BBF7E81,"{'type': 'Point', 'coordinates': [-73.96310375572297, 40.76921035516955]}",10021.0,Routine,POINT(-73.96310375572297 40.76921035516955),1042509.0,3-1-1 Call Center,12.0,New Tree Request
21742984,A59B9F71-5DF6-494D-9DA3-08BC315AD257,"{'type': 'Point', 'coordinates': [-74.075893395024, 40.626806333452976]}",,Routine,POINT(-74.075893395024 40.626806333452976),,AMPS,,
23442437,6E99B4B2-15AB-415E-98E1-F3B3C061C7F2,"{'type': 'Point', 'coordinates': [-73.77258804470729, 40.69878086931062]}",,Routine,POINT(-73.77258804470729 40.69878086931062),,AMPS,,
5483959,31D360D4-B5C2-4881-BD04-D4B2F12B10DA,"{'type': 'Point', 'coordinates': [-73.9822254343175, 40.7868954660533]}",,Routine,POINT(-73.9822254343175 40.7868954660533),,Park Inspection Program,,
16158855,C5073937-0D91-492D-831E-2F46697D37FD,"{'type': 'Point', 'coordinates': [-73.83585962337854, 40.72802777073654]}",,Routine,POINT(-73.83585962337854 40.72802777073654),,Department of Parks and Recreation - Public Web Site,,New Tree Request
18384259,1B7B5890-7316-4A30-99FF-F2D5313441D1,"{'type': 'Point', 'coordinates': [-73.83579278680978, 40.71063769421342]}",,ASAP,POINT(-73.83579278680978 40.71063769421342),4442874.0,DPR,,
20180164,A1EDEF8C-75C8-4A9D-894F-7AC2B3ACA348,"{'type': 'Point', 'coordinates': [-73.98158824617232, 40.779160630497856]}",,Routine,POINT(-73.98158824617232 40.779160630497856),,AMPS,,
25853614,9A743135-AA24-4303-97A9-22CF35FC6E14,"{'type': 'Point', 'coordinates': [-73.98243910941108, 40.771710264430055]}",,Routine,POINT(-73.98243910941108 40.771710264430055),1000000.0,AMPS,,
16257223,43D1AD92-47E5-4149-B899-FFC6F32E35EC,"{'type': 'Point', 'coordinates': [-74.12351573536932, 40.560478649754515]}",,Routine,POINT(-74.12351573536932 40.560478649754515),,DPR,,
3901164,FC3960E1-3D9C-4219-8A51-63FBB8DFFC83,"{'type': 'Point', 'coordinates': [-73.8989299513025, 40.6982924937343]}",11385.0,Routine,POINT(-73.8989299513025 40.6982924937343),,Correspondence,7.0,
25418508,64D46772-D4FE-4602-802F-EB959C4213C7,"{'type': 'Point', 'coordinates': [-73.92248854925839, 40.74730137541725]}",,Routine,POINT(-73.92248854925839 40.74730137541725),,AMPS,,
8439580,C2188F1D-20E3-4B20-B7F1-0CC10A2378CF,"{'type': 'Point', 'coordinates': [-73.91596833833657, 40.70640061148583]}",11385.0,Routine,POINT(-73.91596833833657 40.70640061148583),4081759.0,Correspondence,7.0,
18590459,A187752C-6D4B-44B0-9F6D-EA198D73F07D,"{'type': 'Point', 'coordinates': [-73.7623616481607, 40.663759734978214]}",,Routine,POINT(-73.7623616481607 40.663759734978214),,AMPS,,
17799384,FDFFDE8D-B765-496B-84BB-1B88CDAE7A68,"{'type': 'Point', 'coordinates': [-73.99506666917884, 40.767841647317006]}",,Routine,POINT(-73.99506666917884 40.767841647317006),1000000.0,AMPS,,
21930418,FF9E3537-5811-4060-877A-5FF8808449F5,"{'type': 'Point', 'coordinates': [-73.95539981407079, 40.71041283113885]}",,Routine,POINT(-73.95539981407079 40.71041283113885),,AMPS,,
21730369,27F10CD7-3379-4419-89D6-F0D870709E0F,"{'type': 'Point', 'coordinates': [-73.91859349183646, 40.65410835299531]}",,Routine,POINT(-73.91859349183646 40.65410835299531),,AMPS,,
23961585,C175AE45-C105-4985-8BC1-16236037B698,"{'type': 'Point', 'coordinates': [-74.01112882251348, 40.640509387383666]}",,Routine,POINT(-74.01112882251348 40.640509387383666),,AMPS,,
18289932,9B74140D-8BAE-40F8-9E69-F135A8EDF1AB,"{'type': 'Point', 'coordinates': [-73.75794857336864, 40.70036584214096]}",,Routine,POINT(-73.75794857336864 40.70036584214096),,AMPS,,
17677888,2843B226-04DB-495D-9C90-E4E524C1C728,"{'type': 'Point', 'coordinates': [-73.97612014166558, 40.68980286412051]}",,Routine,POINT(-73.97612014166558 40.68980286412051),,AMPS,,
16480580,642D8BB0-6ADD-49FE-BC2B-13908E9304A0,"{'type': 'Point', 'coordinates': [-73.77373520544043, 40.73009032312241]}",,ASAP,POINT(-73.77373520544043 40.73009032312241),,Park Inspection Program,,
25700604,CCDC0B17-76D0-410A-9C67-5AABCC539FBB,"{'type': 'Point', 'coordinates': [-73.92089352215483, 40.84639744075361]}",,Routine,POINT(-73.92089352215483 40.84639744075361),,AMPS,,
15682896,0E756D29-A2A7-4B57-8E10-1A3E7968D976,"{'type': 'Point', 'coordinates': [-73.88836332583459, 40.682808845048285]}",,Routine,POINT(-73.88836332583459 40.682808845048285),,Park Inspection Program,,
17997060,F8F5D330-739C-4592-8C93-1FB542A70A7C,"{'type': 'Point', 'coordinates': [-73.93668444689041, 40.71616166651789]}",,Routine,POINT(-73.93668444689041 40.71616166651789),,AMPS,,
15854051,DEA1EBA4-0434-4164-A000-6FEA87A1186D,"{'type': 'Point', 'coordinates': [-74.08501840037185, 40.61780131496192]}",,Routine,POINT(-74.08501840037185 40.61780131496192),,AMPS,,
25158471,7EDEC47A-2C0B-4482-BCB5-06D1A58E5D84,"{'type': 'Point', 'coordinates': [-74.01443722019556, 40.619141741829665]}",,Routine,POINT(-74.01443722019556 40.619141741829665),,AMPS,,
23148908,E7E2CAC3-C8DB-4716-A8B8-0F26C5A75254,"{'type': 'Point', 'coordinates': [-73.96942268643527, 40.65208331858798]}",,Routine,POINT(-73.96942268643527 40.65208331858798),,AMPS,,
21012271,FCDB41E9-0233-4E6C-A080-E0422F793855,"{'type': 'Point', 'coordinates': [-73.89662889960037, 40.69693592082011]}",,Routine,POINT(-73.89662889960037 40.69693592082011),,AMPS,,
23989074,911B9217-A196-45B4-BFD5-EE5220C0A1CB,"{'type': 'Point', 'coordinates': [-73.99937703867879, 40.59781080179829]}",11214.0,Routine,POINT(-73.99937703867879 40.59781080179829),,Department of Parks and Recreation - Public Web Site,11.0,New Tree Request
26312983,C08BA6B1-0FC2-4DE8-899C-90D956BCD0AE,"{'type': 'Point', 'coordinates': [-74.09244350030193, 40.59285768482115]}",10304.0,Routine,POINT(-74.09244350030193 40.59285768482115),,3-1-1 Call Center,11.0,New Tree Request
8039172,88285E6F-4C48-41D6-9978-50C3C6F0DC70,"{'type': 'Point', 'coordinates': [-73.99535390918366, 40.62050076331366]}",11204.0,Routine,POINT(-73.99535390918366 40.62050076331366),3134264.0,Correspondence,10.0,
25874715,03F8B73E-E326-42BB-8AE8-D22EB1039CD6,"{'type': 'Point', 'coordinates': [-73.89587803601782, 40.881394564319976]}",,Routine,POINT(-73.89587803601782 40.881394564319976),,AMPS,,
17656283,D9C47A7C-DED3-4B23-A11D-F586BC69178F,"{'type': 'Point', 'coordinates': [-73.92420698963049, 40.8342262917006]}",,Routine,POINT(-73.92420698963049 40.8342262917006),,AMPS,,
5391969,24E86B9C-9E7F-461E-AF79-F6D6CF7958CD,"{'type': 'Point', 'coordinates': [-73.8908488040025, 40.84338567291591]}",,Routine,POINT(-73.8908488040025 40.84338567291591),,Park Inspection Program,,
23585436,F094BA24-31F6-4017-B18E-3B50FCDA4E1A,"{'type': 'Point', 'coordinates': [-73.82491946428433, 40.75803535361877]}",,Routine,POINT(-73.82491946428433 40.75803535361877),,AMPS,,
24623750,831014DE-6BFC-4E86-93D3-0D4766FB07B1,"{'type': 'Point', 'coordinates': [-73.92376125086416, 40.834212780976735]}",,Routine,POINT(-73.92376125086416 40.834212780976735),,AMPS,,
17857711,356CAB14-9E7F-4E27-8E93-F72EE73AA296,"{'type': 'Point', 'coordinates': [-73.89875970705411, 40.826251070122126]}",,Routine,POINT(-73.89875970705411 40.826251070122126),,AMPS,,
21244011,9B60F6E0-76CF-414F-9727-E69288A4A8E4,"{'type': 'Point', 'coordinates': [-73.81522734029888, 40.69073261655945]}",11419.0,Routine,POINT(-73.81522734029888 40.69073261655945),,3-1-1 Call Center,5.0,Damaged Tree
2278761,0ADCFF1B-A28F-454A-82AA-10097C2EA08D,"{'type': 'Point', 'coordinates': [-73.86007032179518, 40.72052426738543]}",,Routine,POINT(-73.86007032179518 40.72052426738543),,Department of Parks and Recreation - Public Web Site,,New Tree Request
17677886,49B7F6E7-41B0-4785-B420-342F461BEDBE,"{'type': 'Point', 'coordinates': [-73.92207852455557, 40.84432659590861]}",,Routine,POINT(-73.92207852455557 40.84432659590861),,AMPS,,
26174122,C7ADA88B-AF1C-43A1-A597-0A20D0EFEA73,"{'type': 'Point', 'coordinates': [-74.16064499035404, 40.539481103411795]}",10312.0,Routine,POINT(-74.16064499035404 40.539481103411795),5068936.0,Department of Parks and Recreation - Public Web Site,11.0,New Tree Request
21237310,1ECCD9AC-1633-454C-9398-FCD1BC3D40CD,"{'type': 'Point', 'coordinates': [-74.02012782034173, 40.60699611301147]}",,ASAP,POINT(-74.02012782034173 40.60699611301147),,Correspondence,,
26240505,2650B3A3-2DEC-486F-8FF3-0AC08632E0D2,"{'type': 'Point', 'coordinates': [-73.88947212802454, 40.76215656422526]}",,Routine,POINT(-73.88947212802454 40.76215656422526),,AMPS,,
14561180,A6ED7D08-A39D-467E-9B6A-4210326401AB,"{'type': 'Point', 'coordinates': [-73.77193038128593, 40.73169025789944]}",11366.0,Routine,POINT(-73.77193038128593 40.73169025789944),4155399.0,DPR,6.0,
21742983,D5B00D18-8FB3-4090-8A7D-F103E7730FEB,"{'type': 'Point', 'coordinates': [-73.81332671078287, 40.88637207713397]}",,Routine,POINT(-73.81332671078287 40.88637207713397),,AMPS,,
23897985,CA428C82-41D0-4807-B994-4DE29BE32F63,"{'type': 'Point', 'coordinates': [-73.95756634756644, 40.728986271993364]}",,Routine,POINT(-73.95756634756644 40.728986271993364),,AMPS,,
26228794,CAD36636-D201-432E-8E39-2113F0B76F5C,"{'type': 'Point', 'coordinates': [-73.91653090580736, 40.70108317914824]}",11237.0,Routine,POINT(-73.91653090580736 40.70108317914824),,3-1-1 Call Center,7.0,Overgrown Tree/Branches
23839477,27AF9589-AB09-4791-A65F-0E4896234C22,"{'type': 'Point', 'coordinates': [-73.8966487581383, 40.69722968557631]}",,Routine,POINT(-73.8966487581383 40.69722968557631),,AMPS,,
10027968,39078E18-26AC-4F72-815D-0CAEC8584BE4,"{'type': 'Point', 'coordinates': [-74.0975882408026, 40.564287613844414]}",,Routine,POINT(-74.0975882408026 40.564287613844414),,AMPS,,
3954755,FB574077-400D-4B0D-A615-0CC3F0756F80,"{'type': 'Point', 'coordinates': [-73.90477964145967, 40.70211592070856]}",11385.0,Routine,POINT(-73.90477964145967 40.70211592070856),4082792.0,Correspondence,7.0,
18422024,93518C25-B239-4E0E-830D-2A16769295C8,"{'type': 'Point', 'coordinates': [-73.95133198928254, 40.708426188643365]}",11211.0,Routine,POINT(-73.95133198928254 40.708426188643365),,3-1-1 Call Center,7.0,Damaged Tree
5389159,53C184C1-9880-4359-A1DA-3CE10A926138,"{'type': 'Point', 'coordinates': [-73.90445703394992, 40.81207771487181]}",10455.0,Routine,POINT(-73.90445703394992 40.81207771487181),,Park Inspection Program,15.0,
3830757,0C8FE473-2FC0-432E-92A7-0BFADCA7AE9D,"{'type': 'Point', 'coordinates': [-73.90509425428996, 40.70022549318727]}",11385.0,Routine,POINT(-73.90509425428996 40.70022549318727),4085867.0,Correspondence,7.0,
19063484,AFE16128-DD0C-4297-A315-013A26C98BC3,"{'type': 'Point', 'coordinates': [-74.00180260294611, 40.64766813416778]}",,Routine,POINT(-74.00180260294611 40.64766813416778),,AMPS,,
26309048,C3EDF46B-7C13-45F4-95F3-20FBF6FF42ED,"{'type': 'Point', 'coordinates': [-73.89276900147958, 40.70469207684631]}",11385.0,Routine,POINT(-73.89276900147958 40.70469207684631),4088231.0,3-1-1 Call Center,7.0,New Tree Request
26359781,CAD02409-08B9-4CE8-98BA-7C43013885EB,"{'type': 'Point', 'coordinates': [-73.95492943516273, 40.81034258136451]}",,Routine,POINT(-73.95492943516273 40.81034258136451),,AMPS,,
18289936,F4EE1B34-699D-4C1C-B099-0F1F7B0853DA,"{'type': 'Point', 'coordinates': [-73.96523278728479, 40.71993847643785]}",,Routine,POINT(-73.96523278728479 40.71993847643785),,AMPS,,
26427597,BCA7596B-FE45-4C4F-A281-0553CD20EC34,"{'type': 'Point', 'coordinates': [-73.93596880853904, 40.6083598906747]}",,Routine,POINT(-73.93596880853904 40.6083598906747),,AMPS,,
18924803,394881E9-14CA-48FA-8B5B-8F5E269477DD,"{'type': 'Point', 'coordinates': [-73.77450100564663, 40.7052703236422]}",,Routine,POINT(-73.77450100564663 40.7052703236422),,Park Inspection Program,,
19074224,C33024D6-4424-442F-833B-F0C1B0121BC1,"{'type': 'Point', 'coordinates': [-73.88089044083699, 40.66589053325553]}",,Routine,POINT(-73.88089044083699 40.66589053325553),,AMPS,,
26316903,24C4E5BB-3252-4202-B974-23A2BA800632,"{'type': 'Point', 'coordinates': [-73.95889287885012, 40.660321519043556]}",11225.0,Routine,POINT(-73.95889287885012 40.660321519043556),3114702.0,3-1-1 Call Center,9.0,New Tree Request
14192755,AB43E35D-095C-4F7C-BF6D-8BB3A64046D5,"{'type': 'Point', 'coordinates': [-73.78548298060004, 40.87057256223008]}",,Routine,POINT(-73.78548298060004 40.87057256223008),,Park Inspection Program,,
10874766,076F6FBE-54B5-4EEE-95D6-899C6D88DC1F,"{'type': 'Point', 'coordinates': [-73.8787552058007, 40.895314665863076]}",,Routine,POINT(-73.8787552058007 40.895314665863076),,DPR,,
26066994,7902CF79-60C2-46E5-B76C-FBF6E32896F8,"{'type': 'Point', 'coordinates': [-73.97158467155623, 40.6240639947028]}",11230.0,Routine,POINT(-73.97158467155623 40.6240639947028),3170829.0,3-1-1 Call Center,9.0,Damaged Tree
20341532,C1628BD0-48AA-4F74-AF76-0FE4D91C84E6,"{'type': 'Point', 'coordinates': [-74.11401310869277, 40.61614738775836]}",,Routine,POINT(-74.11401310869277 40.61614738775836),,AMPS,,
5474763,90E82D20-82F9-4E96-84B0-578FD74D5A4F,"{'type': 'Point', 'coordinates': [-73.94643256998887, 40.78430727952333]}",,Routine,POINT(-73.94643256998887 40.78430727952333),,Park Inspection Program,,
19601363,E2DF11DA-1230-4D87-9F99-DB40F08ABC0B,"{'type': 'Point', 'coordinates': [-74.06061398575889, 40.6069661183404]}",,Routine,POINT(-74.06061398575889 40.6069661183404),,AMPS,,
20923011,CB9A844B-E058-484E-8C51-F2753D9BE64E,"{'type': 'Point', 'coordinates': [-74.0063882105615, 40.7136269545715]}",,Routine,POINT(-74.0063882105615 40.7136269545715),1000000.0,AMPS,,
25003906,997D1CC1-B3CE-404E-BF34-312E16FFC311,"{'type': 'Point', 'coordinates': [-73.88653132137343, 40.65832405329791]}",,Routine,POINT(-73.88653132137343 40.65832405329791),,AMPS,,
5480361,2EF512A3-BEA3-4D19-BC74-FD20CD750984,"{'type': 'Point', 'coordinates': [-73.90027007635905, 40.75894914968879]}",,Routine,POINT(-73.90027007635905 40.75894914968879),,Park Inspection Program,,
713732,738D14A4-ABD1-4C24-968D-30F739D196F2,"{'type': 'Point', 'coordinates': [-73.8918725422689, 40.822502711037664]}",10459.0,ASAP,POINT(-73.8918725422689 40.822502711037664),2005784.0,DPR,15.0,
26031494,A94E8614-D027-40CC-9825-38BCE524B51E,"{'type': 'Point', 'coordinates': [-73.77929536874409, 40.736567896308124]}",,Routine,POINT(-73.77929536874409 40.736567896308124),,AMPS,,
25293518,B262FFFD-C5CE-4170-A474-677C8D5BA552,"{'type': 'Point', 'coordinates': [-73.85857418967592, 40.86236660726069]}",,Routine,POINT(-73.85857418967592 40.86236660726069),,AMPS,,
17814757,7F067F6D-A207-4C19-8F8A-3A0335289E86,"{'type': 'Point', 'coordinates': [-73.9416613055942, 40.66278791247213]}",,ASAP,POINT(-73.9416613055942 40.66278791247213),,Correspondence,,
17381952,6BE8C187-CEE6-4B87-B2AC-5D7B346E890E,"{'type': 'Point', 'coordinates': [-73.91945357972295, 40.86887804975791]}",,Routine,POINT(-73.91945357972295 40.86887804975791),,AMPS,,
24780019,B1A6F0F8-F3A6-472E-8E40-4BA8F1CA7E0B,"{'type': 'Point', 'coordinates': [-73.8353940522039, 40.785479035252344]}",,Routine,POINT(-73.8353940522039 40.785479035252344),,AMPS,,
25472867,4BF25135-1479-4F07-A11C-2681E9332A6C,"{'type': 'Point', 'coordinates': [-73.84650361657563, 40.78536765787235]}",,Routine,POINT(-73.84650361657563 40.78536765787235),,AMPS,,
2700361,65364A01-3066-4BB2-8719-3CA16FA6FC72,"{'type': 'Point', 'coordinates': [-73.87922791046361, 40.84367384354254]}",,Routine,POINT(-73.87922791046361 40.84367384354254),,Department of Parks and Recreation - Public Web Site,,New Tree Request
5475963,986D88BA-36C8-4E26-B291-5621745CE9D7,"{'type': 'Point', 'coordinates': [-73.92722885647999, 40.86793472646076]}",,Routine,POINT(-73.92722885647999 40.86793472646076),,Park Inspection Program,,
16635046,0D7E7C5A-B112-451E-A529-36D6306B65A5,"{'type': 'Point', 'coordinates': [-74.00458081732961, 40.648021631506516]}",,Routine,POINT(-74.00458081732961 40.648021631506516),,AMPS,,
21774230,B29C564F-2E77-4EF3-8381-099AB93F7DC2,"{'type': 'Point', 'coordinates': [-73.95813237673653, 40.62061639258458]}",,Routine,POINT(-73.95813237673653 40.62061639258458),,AMPS,,
13091453,FFDB45A4-3A5B-49E9-9C2B-EF6A4A531171,"{'type': 'Point', 'coordinates': [-73.94011601329836, 40.68638125087952]}",,ASAP,POINT(-73.94011601329836 40.68638125087952),,Correspondence,,
23567273,183C3651-94F1-4655-A7BE-EC73A09724AA,"{'type': 'Point', 'coordinates': [-73.95581794676247, 40.809904662812535]}",,Routine,POINT(-73.95581794676247 40.809904662812535),,AMPS,,
23147146,0CA6B02A-2EFE-4B13-8374-04ED40454B20,"{'type': 'Point', 'coordinates': [-73.91166572421244, 40.63592843708025]}",,ASAP,POINT(-73.91166572421244 40.63592843708025),,Correspondence,,
23625165,A1307CE8-7C01-4071-ADF8-2AC5AD4A714F,"{'type': 'Point', 'coordinates': [-73.9734487842307, 40.745321182710434]}",,Routine,POINT(-73.9734487842307 40.745321182710434),1000000.0,AMPS,,
25693933,EE39CF4A-DA5D-4A88-90DF-4E49F98F80E0,"{'type': 'Point', 'coordinates': [-73.90224915373558, 40.73805792023643]}",,Routine,POINT(-73.90224915373558 40.73805792023643),,Park Inspection Program,,
15580787,04863977-C47E-4B87-9F0C-1DF2A77C65B7,"{'type': 'Point', 'coordinates': [-73.86192690693422, 40.69612706719543]}",,Routine,POINT(-73.86192690693422 40.69612706719543),,Park Inspection Program,,
21926772,BB012428-2541-4B72-B404-34BA9DD8A2A5,"{'type': 'Point', 'coordinates': [-74.00280164250819, 40.64817629311467]}",,Routine,POINT(-74.00280164250819 40.64817629311467),,AMPS,,
11684776,696EC807-D7C3-4FD2-B08D-EF975A9AED31,"{'type': 'Point', 'coordinates': [-73.94804893654339, 40.757727027850656]}",,Routine,POINT(-73.94804893654339 40.757727027850656),4000000.0,Park Inspection Program,,
16110004,2B140DEC-0736-4B17-916F-15414EBCAE7C,"{'type': 'Point', 'coordinates': [-73.93589264892613, 40.59242777862651]}",,Routine,POINT(-73.93589264892613 40.59242777862651),,AMPS,,
20796703,37A3B26C-FE96-4B27-A700-D9284B795498,"{'type': 'Point', 'coordinates': [-73.99095563439714, 40.71812711239295]}",,Routine,POINT(-73.99095563439714 40.71812711239295),1000000.0,AMPS,,
9189168,9DFA1971-18AD-45E7-8FD6-10604134EA4B,"{'type': 'Point', 'coordinates': [-73.81080491544829, 40.86354830326471]}",,Routine,POINT(-73.81080491544829 40.86354830326471),,DPR,,
25173802,6C207F5F-B01F-49FC-82C2-38C5EEF88F9A,"{'type': 'Point', 'coordinates': [-73.90665347284792, 40.83093878896163]}",,Routine,POINT(-73.90665347284792 40.83093878896163),,AMPS,,
9739169,CD71FF3F-2ABA-478F-87F8-3B5A72FF9ADB,"{'type': 'Point', 'coordinates': [-73.97396126436672, 40.78174266115172]}",,ASAP,POINT(-73.97396126436672 40.78174266115172),1031764.0,Correspondence,,
612000,B9B94150-A1CF-4934-BA5C-72B5EEA082F3,"{'type': 'Point', 'coordinates': [-73.9121380120843, 40.691169196990046]}",11221.0,Routine,POINT(-73.9121380120843 40.691169196990046),,Correspondence,7.0,
20279582,FE02258A-A795-4F2A-B89E-43B06F05F639,"{'type': 'Point', 'coordinates': [-73.98667359081246, 40.72097834347288]}",,Routine,POINT(-73.98667359081246 40.72097834347288),1000000.0,AMPS,,
3839559,1502DCAC-D1DF-4566-979E-79B17ACB778F,"{'type': 'Point', 'coordinates': [-73.91029926817663, 40.70756788665383]}",11385.0,Routine,POINT(-73.91029926817663 40.70756788665383),,Correspondence,7.0,
23359963,FE8A3C89-A8AF-4883-9A34-389AB90D8A11,"{'type': 'Point', 'coordinates': [-73.9871730252826, 40.66115974571712]}",,Routine,POINT(-73.9871730252826 40.66115974571712),,AMPS,,
18494031,EEA7EBFC-4D41-477E-A779-61275CFF82B0,"{'type': 'Point', 'coordinates': [-73.92355970264478, 40.83401099353132]}",,Routine,POINT(-73.92355970264478 40.83401099353132),,AMPS,,
23494309,798C411B-AB55-40BA-9EAC-337DC73A9FD2,"{'type': 'Point', 'coordinates': [-73.8246482667267, 40.67756968127968]}",11420.0,Routine,POINT(-73.8246482667267 40.67756968127968),,3-1-1 Call Center,5.0,Wood Pile Remaining
700590,073AC00B-7C48-4D0A-A230-FBC7219EEC65,"{'type': 'Point', 'coordinates': [-73.9427376104447, 40.578267672943824]}",11235.0,Routine,POINT(-73.9427376104447 40.578267672943824),3246529.0,Correspondence,8.0,
17353545,5CDB1540-C8B9-4A32-96B7-075CE1906C89,"{'type': 'Point', 'coordinates': [-73.9701175077955, 40.6609495435762]}",,Routine,POINT(-73.9701175077955 40.6609495435762),,AMPS,,
20877076,7D9EC21E-3D74-4AE4-BA2E-6F6E2B204D9E,"{'type': 'Point', 'coordinates': [-73.99529787973614, 40.680893603678705]}",,Routine,POINT(-73.99529787973614 40.680893603678705),,AMPS,,
4609958,F8C82EB6-BF63-4751-949B-D6392E0C32D8,"{'type': 'Point', 'coordinates': [-74.11801943436073, 40.56054360994942]}",10306.0,Routine,POINT(-74.11801943436073 40.56054360994942),5132480.0,Correspondence,11.0,
23829647,9AAA1F6E-108A-473A-AA90-1C92C8B8BA69,"{'type': 'Point', 'coordinates': [-73.78174985034411, 40.7091874670691]}",,Routine,POINT(-73.78174985034411 40.7091874670691),,AMPS,,
19180269,20E55363-FC31-4CC2-A8C4-0E45FE5C5AE2,"{'type': 'Point', 'coordinates': [-73.96532580505523, 40.65116118694812]}",,Routine,POINT(-73.96532580505523 40.65116118694812),,AMPS,,
25986530,334F5E2B-97BB-4E55-8760-D6D0159DA41D,"{'type': 'Point', 'coordinates': [-73.77063938594868, 40.77069562220483]}",,Routine,POINT(-73.77063938594868 40.77069562220483),,AMPS,,
21784932,85F76C9A-1737-4E8F-A78E-6ED17C35C9CB,"{'type': 'Point', 'coordinates': [-73.82681704866994, 40.769986251093734]}",,Routine,POINT(-73.82681704866994 40.769986251093734),,AMPS,,
24307605,7005A92B-25B7-41DC-A751-5B953FA08A55,"{'type': 'Point', 'coordinates': [-73.90939128645255, 40.88175642461793]}",,Routine,POINT(-73.90939128645255 40.88175642461793),,AMPS,,
19256829,8C0C4C3D-2725-43D8-855D-45B1F430E035,"{'type': 'Point', 'coordinates': [-73.90680700763008, 40.66129998629948]}",,Routine,POINT(-73.90680700763008 40.66129998629948),,AMPS,,
26021579,49C34AFA-1E3F-4669-A6CC-04B06E233B74,"{'type': 'Point', 'coordinates': [-73.91455583755662, 40.85942777259904]}",,Routine,POINT(-73.91455583755662 40.85942777259904),,AMPS,,
25436395,9FD6BBA3-A45D-4DAE-9B0C-416FAF284899,"{'type': 'Point', 'coordinates': [-73.76886386483477, 40.730521907894136]}",,Routine,POINT(-73.76886386483477 40.730521907894136),,AMPS,,
24033162,EA9F8097-412A-4E3D-957C-2AF2D9766D28,"{'type': 'Point', 'coordinates': [-73.81860040769796, 40.848670773877096]}",,Routine,POINT(-73.81860040769796 40.848670773877096),,AMPS,,
642348,E2483E75-2FCE-4132-B215-E4295A5FF8D8,"{'type': 'Point', 'coordinates': [-73.81024605397046, 40.71025082300305]}",11435.0,Routine,POINT(-73.81024605397046 40.71025082300305),,3-1-1 Call Center,6.0,New Tree Request
23971743,2326AF21-22D3-4079-B9D7-17872B060D46,"{'type': 'Point', 'coordinates': [-73.90349373249546, 40.726525494139764]}",,Routine,POINT(-73.90349373249546 40.726525494139764),,AMPS,,
21960732,E35BB07A-375D-42AA-B55D-5BAE35366E85,"{'type': 'Point', 'coordinates': [-73.91764915473465, 40.68921834727075]}",11221.0,Routine,POINT(-73.91764915473465 40.68921834727075),,3-1-1 Call Center,8.0,Overgrown Tree/Branches
22861635,CCC5934C-92BE-407E-86CB-209C71CF93D1,"{'type': 'Point', 'coordinates': [-73.94801930031232, 40.72043178711143]}",,Routine,POINT(-73.94801930031232 40.72043178711143),,AMPS,,
23820710,33397DD5-EA6A-4D02-A8D3-0A2D77F14C53,"{'type': 'Point', 'coordinates': [-73.970631931732, 40.749600990742394]}",,Routine,POINT(-73.970631931732 40.749600990742394),1000000.0,AMPS,,
24250887,9B467934-6E81-42AB-AFDC-8BAD1871D03B,"{'type': 'Point', 'coordinates': [-74.12205903998013, 40.62739278012484]}",,Routine,POINT(-74.12205903998013 40.62739278012484),,AMPS,,
23416783,8F2FED31-042B-4829-81CA-061B959243B9,"{'type': 'Point', 'coordinates': [-73.9519490121073, 40.72078603571029]}",,Routine,POINT(-73.9519490121073 40.72078603571029),,AMPS,,
18834261,6D48C036-72CA-4CAE-B166-2FA1720B443A,"{'type': 'Point', 'coordinates': [-73.88643877663199, 40.68501572160269]}",,Routine,POINT(-73.88643877663199 40.68501572160269),,AMPS,,
9422775,B4D3C100-C6E4-484D-A47E-D46A3DBDA19C,"{'type': 'Point', 'coordinates': [-73.91037927480176, 40.81194866583439]}",,Routine,POINT(-73.91037927480176 40.81194866583439),,Park Inspection Program,,
19287804,2EE27D48-99B1-4D32-84CE-D41D44D84454,"{'type': 'Point', 'coordinates': [-73.96748253857953, 40.669595828426836]}",,ASAP,POINT(-73.96748253857953 40.669595828426836),,Correspondence,,
24054906,1DAEBE2C-256E-4C4A-9476-74BBEAFED351,"{'type': 'Point', 'coordinates': [-73.7474347318842, 40.74188375461263]}",,Routine,POINT(-73.7474347318842 40.74188375461263),,Park Inspection Program,,
16390148,24C679BF-B5E0-488B-9278-FA522BC38502,"{'type': 'Point', 'coordinates': [-74.11422393475358, 40.61467927156651]}",,Routine,POINT(-74.11422393475358 40.61467927156651),,AMPS,,
18397069,507F00FB-D243-48CE-8970-33050B7E482D,"{'type': 'Point', 'coordinates': [-73.95175622763902, 40.72109342587348]}",,Routine,POINT(-73.95175622763902 40.72109342587348),,AMPS,,
12212411,A1F00D16-1AB8-4E33-96F2-3BEBAAFE3CC2,"{'type': 'Point', 'coordinates': [-73.90450900978271, 40.83801718585947]}",10457.0,Routine,POINT(-73.90450900978271 40.83801718585947),,3-1-1 Call Center,15.0,Damaged Tree
19395046,352DC84E-08CF-440A-B999-3C7FF06745F9,"{'type': 'Point', 'coordinates': [-73.87439878851384, 40.89869006597265]}",10470.0,Routine,POINT(-73.87439878851384 40.89869006597265),2018867.0,3-1-1 Call Center,16.0,New Tree Request
18395046,A2414E73-5742-4150-A7E5-E098D4DB0007,"{'type': 'Point', 'coordinates': [-73.9528037163938, 40.71846165044343]}",11211.0,Routine,POINT(-73.9528037163938 40.71846165044343),,Department of Parks and Recreation - Public Web Site,12.0,Damaged Tree
661811,5B03018E-4DA4-491A-865E-913A37A16305,"{'type': 'Point', 'coordinates': [-73.93525370477194, 40.61587041690769]}",11234.0,Routine,POINT(-73.93525370477194 40.61587041690769),,Correspondence,8.0,
16725970,5BC3C2E3-189D-44F5-8333-18E3FEB71F14,"{'type': 'Point', 'coordinates': [-73.9630472657009, 40.66059391505272]}",,Routine,POINT(-73.9630472657009 40.66059391505272),,AMPS,,
3949958,2DA4FA6D-3D29-41E6-8FA3-F6420EE5A54C,"{'type': 'Point', 'coordinates': [-73.90479438152632, 40.70220766302102]}",11385.0,Routine,POINT(-73.90479438152632 40.70220766302102),4082779.0,Correspondence,7.0,
11101169,2964756A-EDB2-48AF-BFAB-FAA4FD0F0207,"{'type': 'Point', 'coordinates': [-74.09822831738896, 40.57661518615216]}",,Routine,POINT(-74.09822831738896 40.57661518615216),,Park Inspection Program,,
19368611,94B958FA-923B-4638-BB73-8746DB04A7DE,"{'type': 'Point', 'coordinates': [-73.9698266020868, 40.671806760091854]}",,Routine,POINT(-73.9698266020868 40.671806760091854),,AMPS,,
26355459,FB19BB81-FE3D-40A6-8167-50371068A8CA,"{'type': 'Point', 'coordinates': [-73.87534569298245, 40.73517706570399]}",11373.0,Routine,POINT(-73.87534569298245 40.73517706570399),,3-1-1 Call Center,6.0,New Tree Request
15843784,7D95A76C-099C-4C14-B0F5-2037BD80E98D,"{'type': 'Point', 'coordinates': [-73.92018473005352, 40.880883588207986]}",,Routine,POINT(-73.92018473005352 40.880883588207986),,AMPS,,
8354360,35F52DE2-7387-46DF-AC68-25C503BDF6F5,"{'type': 'Point', 'coordinates': [-73.8974082897814, 40.71002895594329]}",11385.0,Routine,POINT(-73.8974082897814 40.71002895594329),4087573.0,Correspondence,6.0,
5630367,D8956BD5-133A-472D-9B87-F1107FD88BB8,"{'type': 'Point', 'coordinates': [-73.87656573089066, 40.70232283448347]}",11385.0,Routine,POINT(-73.87656573089066 40.70232283448347),4090059.0,Correspondence,6.0,
20383801,C58536A7-3228-4558-BC8A-E58D960EA5AF,"{'type': 'Point', 'coordinates': [-73.9488748957455, 40.690263176383155]}",,Routine,POINT(-73.9488748957455 40.690263176383155),,AMPS,,
16218954,51C0FCBF-569D-4945-AECF-31794718B181,"{'type': 'Point', 'coordinates': [-73.90493263685028, 40.86275007738978]}",10468.0,Routine,POINT(-73.90493263685028 40.86275007738978),,3-1-1 Call Center,15.0,Damaged Tree
3859961,2E6D4DA8-C9D5-4E0E-8D53-F90EF8BFFF4E,"{'type': 'Point', 'coordinates': [-73.91421249293435, 40.70671849132327]}",11385.0,Routine,POINT(-73.91421249293435 40.70671849132327),4081785.0,Correspondence,7.0,
22138013,8E6AE135-2A9E-4507-BDDB-890D5504ED0C,"{'type': 'Point', 'coordinates': [-73.77145418845934, 40.7713094980574]}",,Routine,POINT(-73.77145418845934 40.7713094980574),,AMPS,,
26404605,9B4EA190-FA8B-4C11-88B9-43F5114D76BF,"{'type': 'Point', 'coordinates': [-74.1665568377404, 40.60577773150883]}",10314.0,Routine,POINT(-74.1665568377404 40.60577773150883),5036304.0,Correspondence,11.0,
21657221,43AB058D-512C-4505-85A3-7B25AF411711,"{'type': 'Point', 'coordinates': [-73.88421669766704, 40.76724723834882]}",,Routine,POINT(-73.88421669766704 40.76724723834882),,AMPS,,
19171889,0E8BBD78-8ABF-41CA-B434-46776EEF35AC,"{'type': 'Point', 'coordinates': [-73.8878669310482, 40.65779302564966]}",,Routine,POINT(-73.8878669310482 40.65779302564966),,AMPS,,
24618854,79309203-795F-4DB5-AF3C-2D787E4C0AE5,"{'type': 'Point', 'coordinates': [-73.92665330126711, 40.8407536096247]}",,Routine,POINT(-73.92665330126711 40.8407536096247),,AMPS,,
3862757,148A8763-BB74-43C3-A1FD-D986B9B5EE72,"{'type': 'Point', 'coordinates': [-73.90898881404884, 40.70161576119421]}",11385.0,Routine,POINT(-73.90898881404884 40.70161576119421),4082382.0,Correspondence,7.0,
24927641,F85E46D0-F264-4C8D-A06F-F790DBFB2FFF,"{'type': 'Point', 'coordinates': [-73.92096078126627, 40.77901426557322]}",,ASAP,POINT(-73.92096078126627 40.77901426557322),,Park Inspection Program,,
25662267,1CAD270C-B6C2-4F6C-AF71-E90358B93450,"{'type': 'Point', 'coordinates': [-73.8692799935612, 40.84803497577389]}",,Routine,POINT(-73.8692799935612 40.84803497577389),,AMPS,,
21444806,4E8C08B8-0CF1-4562-BB75-757BDD898075,"{'type': 'Point', 'coordinates': [-74.09983931051029, 40.62790253697045]}",,Routine,POINT(-74.09983931051029 40.62790253697045),,AMPS,,
5474367,40F16B35-7575-4DE7-8FF9-D55ED5A20F14,"{'type': 'Point', 'coordinates': [-73.97619881851097, 40.774632479501406]}",,Routine,POINT(-73.97619881851097 40.774632479501406),,Park Inspection Program,,
19071542,E51CDE9B-4547-4F5D-A956-19CB981E0D91,"{'type': 'Point', 'coordinates': [-73.8441485817101, 40.748722245553154]}",,Routine,POINT(-73.8441485817101 40.748722245553154),,AMPS,,
3983559,70A221A8-A75F-4540-BF9D-DE94A4A671A0,"{'type': 'Point', 'coordinates': [-73.92349113427825, 40.69634340425702]}",11221.0,Routine,POINT(-73.92349113427825 40.69634340425702),3074715.0,Correspondence,7.0,
14841994,C051664A-EE70-48FE-86B0-F046DF6C8FC2,"{'type': 'Point', 'coordinates': [-73.7900779815881, 40.875575739706115]}",,Routine,POINT(-73.7900779815881 40.875575739706115),,DPR,,
8125569,46657A19-E052-4CDA-A1E8-354A50742746,"{'type': 'Point', 'coordinates': [-74.2170904035967, 40.547930653617186]}",10309.0,Routine,POINT(-74.2170904035967 40.547930653617186),5086126.0,DPR,11.0,
16846210,94A3E0EB-1BBF-42A4-88C3-7A48AA10B241,"{'type': 'Point', 'coordinates': [-73.88522854184336, 40.68427779666905]}",,Routine,POINT(-73.88522854184336 40.68427779666905),,AMPS,,
19147947,3CDC2CB6-4F01-42E0-9F4C-FCABF50B31DC,"{'type': 'Point', 'coordinates': [-74.11217833585171, 40.62021142830241]}",,Routine,POINT(-74.11217833585171 40.62021142830241),,DPR,,
22959458,445BA237-7325-4679-9FC6-FE83FC047738,"{'type': 'Point', 'coordinates': [-73.77486719019142, 40.726346047268066]}",,Routine,POINT(-73.77486719019142 40.726346047268066),,AMPS,,
26331182,0BA206A1-0B62-4DB2-BE6F-11AE7A2594DB,"{'type': 'Point', 'coordinates': [-73.85663703663636, 40.74659543311092]}",11368.0,Routine,POINT(-73.85663703663636 40.74659543311092),,3-1-1 Call Center,14.0,Overgrown Tree/Branches
24020952,4A7C57F7-1F5F-4BB8-8F19-0616C2ACE1BA,"{'type': 'Point', 'coordinates': [-73.74897118214939, 40.74057074460291]}",,Routine,POINT(-73.74897118214939 40.74057074460291),,Park Inspection Program,,
25841471,532EA295-EF71-4D01-AB64-607F12A363E3,"{'type': 'Point', 'coordinates': [-73.92308475324556, 40.70037685067505]}",11237.0,Routine,POINT(-73.92308475324556 40.70037685067505),,3-1-1 Call Center,7.0,Illegal Tree Damage
19960667,36B4E3BB-F274-4D6F-9D43-3485F5F68E54,"{'type': 'Point', 'coordinates': [-74.03732114203606, 40.625829848559086]}",,Routine,POINT(-74.03732114203606 40.625829848559086),,AMPS,,
8389961,FCA4C4FE-5FB2-41A5-9110-E597FAC66023,"{'type': 'Point', 'coordinates': [-73.8937389487197, 40.70876276378038]}",11385.0,Routine,POINT(-73.8937389487197 40.70876276378038),4087804.0,Correspondence,6.0,
26391449,78CBAF25-347E-4100-AE26-7A2F4F247A94,"{'type': 'Point', 'coordinates': [-73.90123596339022, 40.848690543136314]}",,Routine,POINT(-73.90123596339022 40.848690543136314),,AMPS,,
20101516,62D17766-2382-4DD7-A4CE-068768E4647D,"{'type': 'Point', 'coordinates': [-73.81383661751873, 40.7363062625354]}",,Routine,POINT(-73.81383661751873 40.7363062625354),,AMPS,,
21273068,B60266DC-6502-4C98-AE24-11042B4B993E,"{'type': 'Point', 'coordinates': [-74.17392987091715, 40.626953689648026]}",,Routine,POINT(-74.17392987091715 40.626953689648026),,AMPS,,
10029964,3F9C45CC-0F22-463C-9660-5F7129A6C34D,"{'type': 'Point', 'coordinates': [-74.17752852932966, 40.54122603721144]}",,Routine,POINT(-74.17752852932966 40.54122603721144),,AMPS,,
25655744,C94732BC-026B-4136-9720-D81ACF9015B8,"{'type': 'Point', 'coordinates': [-73.89594589949147, 40.839292939005944]}",,Routine,POINT(-73.89594589949147 40.839292939005944),,AMPS,,
15585988,642A9673-EB3D-478F-AF90-F1AD97CBE44C,"{'type': 'Point', 'coordinates': [-73.91511139714775, 40.883357928335265]}",,Routine,POINT(-73.91511139714775 40.883357928335265),,AMPS,,
24589564,4DDBA8D6-4D10-437D-9E6F-0C2289B07A35,"{'type': 'Point', 'coordinates': [-73.78846633430558, 40.711558058365206]}",,Routine,POINT(-73.78846633430558 40.711558058365206),,AMPS,,
12131570,024972A9-EA75-4392-84B9-30F94E302627,"{'type': 'Point', 'coordinates': [-73.9520319378114, 40.720867100728185]}",,ASAP,POINT(-73.9520319378114 40.720867100728185),,Correspondence,,
24144823,3BDB2ED9-006C-4380-B606-06CCA583276D,"{'type': 'Point', 'coordinates': [-74.00205319584603, 40.646251138744525]}",,Routine,POINT(-74.00205319584603 40.646251138744525),,AMPS,,
14663580,46B10C90-682F-42EE-8FF3-37CA65B7C441,"{'type': 'Point', 'coordinates': [-74.07611811092731, 40.639619173388816]}",10301.0,Routine,POINT(-74.07611811092731 40.639619173388816),5000042.0,DPR,11.0,
4028355,48F3490B-09C4-4D77-AC16-70405EB6ECAA,"{'type': 'Point', 'coordinates': [-73.92028703664928, 40.711073018006346]}",11385.0,Routine,POINT(-73.92028703664928 40.711073018006346),,Correspondence,7.0,
4074355,D13628AE-A278-4DE3-8CC5-6C9041008885,"{'type': 'Point', 'coordinates': [-73.90033787858879, 40.6983755573445]}",11385.0,Routine,POINT(-73.90033787858879 40.6983755573445),,Correspondence,7.0,
19527478,2F60261E-67FF-4C06-92E8-0C050FF12281,"{'type': 'Point', 'coordinates': [-74.18508456791521, 40.51987393279168]}",,Routine,POINT(-74.18508456791521 40.51987393279168),,AMPS,,
5397159,097149D2-3040-48EF-BC00-2B762620583B,"{'type': 'Point', 'coordinates': [-73.83450556830623, 40.852997953456125]}",,Routine,POINT(-73.83450556830623 40.852997953456125),,Park Inspection Program,,
5445960,B97C3077-E7B1-4828-9CCA-D6220B24B972,"{'type': 'Point', 'coordinates': [-73.96590517024015, 40.676752787783194]}",,Routine,POINT(-73.96590517024015 40.676752787783194),,Park Inspection Program,,
22933728,BDAADD5B-B121-498D-AB35-6CA3DEC73DD8,"{'type': 'Point', 'coordinates': [-74.01746052144635, 40.63445237297495]}",,ASAP,POINT(-74.01746052144635 40.63445237297495),,Correspondence,,
18000852,401B481E-ABF0-49DF-AEF8-022511A20A90,"{'type': 'Point', 'coordinates': [-73.97293462398228, 40.6683319089509]}",,Routine,POINT(-73.97293462398228 40.6683319089509),,AMPS,,
24144825,C0747A6E-BD54-477B-8C53-623BF34CCE38,"{'type': 'Point', 'coordinates': [-73.80154061395828, 40.71618989304803]}",,Routine,POINT(-73.80154061395828 40.71618989304803),,AMPS,,
