project_id,task_id,_fivetran_synced
1142815262788895,1199893417793941,2021-02-04 02:24:35
1142815262788892,1199893417793941,2021-02-04 02:24:35
339036947888913,1199893417793942,2021-02-04 02:24:35
994480050688368,1199893417793943,2021-02-04 02:24:35
1103976536247089,1199893417793944,2021-02-04 02:24:35
1142815262788899,1199893417793945,2021-02-04 02:24:35
1138337102495418,1199893417793946,2021-02-04 02:24:35
1142815262788865,1199893417793947,2021-02-04 02:24:35
1142815262788864,1199893417793948,2021-02-04 02:24:35
1142815262788914,1199893417793949,2021-02-04 02:24:35
1142815262788918,1199893417793950,2021-02-04 02:24:35
1142815262788875,1199893417793951,2021-02-04 02:24:35
339036947888918,1199893417793952,2021-02-04 02:24:35
1142815262788867,1199893417793953,2021-02-04 02:24:35
1142815262788867,1199893417793954,2021-02-04 02:24:35
1142815262788912,1199893417793955,2021-02-04 02:24:35
1142815262788907,1199893417793956,2021-02-04 02:24:35
1142815262788915,1199893417793957,2021-02-04 02:24:35
1142815262788868,1199893417793958,2021-02-04 02:24:35
1142815262788896,1199893417793959,2021-02-04 02:24:35
1142815262788917,1199893417793960,2021-02-04 02:24:35
1142815262788911,1199893417793961,2021-02-04 02:24:35
1142815262788843,1199893417793962,2021-02-04 02:24:35
1142815262788862,1199893417793963,2021-02-04 02:24:35
339014487764325,1199893417793964,2021-02-04 02:24:35
1142815262788875,1199893417793965,2021-02-04 02:24:35
1142815262788851,1199893417793966,2021-02-04 02:24:35
1142815262788846,1199893417793967,2021-02-04 02:24:35
1142815262788914,1199893417793968,2021-02-04 02:24:35
1123411555652103,1199893417793969,2021-02-04 02:24:35
1142815262788901,1199893417793970,2021-02-04 02:24:35
1142815262788859,1199893417793971,2021-02-04 02:24:35
1142815262788886,1199893417793972,2021-02-04 02:24:35
1142815262788843,1199893417793973,2021-02-04 02:24:35
1142815262788866,1199893417793974,2021-02-04 02:24:35
1142815262788843,1199893417793975,2021-02-04 02:24:35
1142815262788861,1199893417793976,2021-02-04 02:24:35
1142815262788875,1199893417793977,2021-02-04 02:24:35
1142815262788874,1199893417793978,2021-02-04 02:24:35
1142815262788851,1199893417793979,2021-02-04 02:24:35
1142815262788856,1199893417793980,2021-02-04 02:24:35
1142815262788864,1199893417793981,2021-02-04 02:24:35
1142815262788874,1199893417793982,2021-02-04 02:24:35
1142815262788877,1199893417793983,2021-02-04 02:24:35
1142815262788870,1199893417793984,2021-02-04 02:24:35
1142815262788851,1199893417793985,2021-02-04 02:24:35
1142815262788859,1199893417793986,2021-02-04 02:24:35
339036947888913,1199893417793987,2021-02-04 02:24:35
1142815262788862,1199893417793988,2021-02-04 02:24:35
1133789517942526,1199893417793989,2021-02-04 02:24:35
1142815262788855,1199893417793990,2021-02-04 02:24:35
1142815262788854,1199893417793991,2021-02-04 02:24:35
1142815262788901,1199893417793992,2021-02-04 02:24:35
1142815262788861,1199893417793993,2021-02-04 02:24:35
994480050688368,1199893417793994,2021-02-04 02:24:35
1142815262788877,1199893417793995,2021-02-04 02:24:35
1142815262788840,1199893417793996,2021-02-04 02:24:35
1142815262788890,1199893417793997,2021-02-04 02:24:35
1142815262788908,1199893417793998,2021-02-04 02:24:35
339282757803825,1199893417793999,2021-02-04 02:24:35
1142815262788856,1199893417794000,2021-02-04 02:24:35
1142815262788894,1199893417794001,2021-02-04 02:24:35
1142815262788902,1199893417794002,2021-02-04 02:24:35
1135568818569273,1199893417794003,2021-02-04 02:24:35
1142815262788910,1199893417794004,2021-02-04 02:24:35
1135568818569273,1199893417794005,2021-02-04 02:24:35
1142815262788907,1199893417794006,2021-02-04 02:24:35
339014487764325,1199893417794007,2021-02-04 02:24:35
1142815262788835,1199893417794008,2021-02-04 02:24:35
1142815262788904,1199893417794009,2021-02-04 02:24:35
1142815262788883,1199893417794010,2021-02-04 02:24:35
1142815262788855,1199893417794011,2021-02-04 02:24:35
1127687633259843,1199893417794012,2021-02-04 02:24:35
1142815262788837,1199893417794013,2021-02-04 02:24:35
1142815262788845,1199893417794014,2021-02-04 02:24:35
1142815262788885,1199893417794015,2021-02-04 02:24:35
1142815262788880,1199893417794016,2021-02-04 02:24:35
1142815262788887,1199893417794017,2021-02-04 02:24:35
1142815262788864,1199893417794018,2021-02-04 02:24:35
1142815262788842,1199893417794019,2021-02-04 02:24:35
1142815262788853,1199893417794020,2021-02-04 02:24:35
1142815262788902,1199893417794021,2021-02-04 02:24:35
1142815262788877,1199893417794022,2021-02-04 02:24:35
1142815262788889,1199893417794023,2021-02-04 02:24:35
339036947888913,1199893417794024,2021-02-04 02:24:35
1142815262788834,1199893417794025,2021-02-04 02:24:35
339036947888916,1199893417794026,2021-02-04 02:24:35
1142815262788852,1199893417794027,2021-02-04 02:24:35
1142815262788838,1199893417794028,2021-02-04 02:24:35
1142815262788913,1199893417794029,2021-02-04 02:24:35
1142815262788844,1199893417794030,2021-02-04 02:24:35
1142815262788896,1199893417794031,2021-02-04 02:24:35
1135568818569273,1199893417794032,2021-02-04 02:24:35
1142815262788880,1199893417794033,2021-02-04 02:24:35
339036947888917,1199893417794034,2021-02-04 02:24:35
1142815262788865,1199893417794035,2021-02-04 02:24:35
1142815262788835,1199893417794036,2021-02-04 02:24:35
1142815262788900,1199893417794037,2021-02-04 02:24:35
1142815262788860,1199893417794038,2021-02-04 02:24:35
1123411555652103,1199893417794039,2021-02-04 02:24:35
