printedschoolname,t3_printedschoolname,selectioncriteria3_prog1,selectioncriteria1_prog3,activities,category,count,avg_value,total_value,max_value
"P.S. 128 The Lorraine Tuzzo, Juniper Valley Elementary School","P.S. 128 The Lorraine Tuzzo, Juniper Valley Elementary School",,,Academic Field Trips; Dance; National Junior Honor Society; Robotics; Theater,high pass rate,1,100.0,100.0,100.0
School of Authors (P.S./M.S. 108 ),School of Authors (P.S./M.S. 108 ),,,Art; Band; Book Clubs; Boys Basketball; Chorus; Community Service; Cooking; Double Dutch; Flag Football; GOAL Program; Girls Basketball; Music; Robotics; Soccer; Step Team; Student Government; Technology/Movie Making; Thurgood Marshall Mock Trial Program; Urban Advantage; Digital Storytelling; Young Runners’ Club,medium pass rate,1,85.0,85.0,85.0
East-West School of International Studies,East-West School of International Studies,,,Art Club; Games Club; Gay-Straight Alliance; Girl Talk; Glee; Japanese Culture Club; Junior NAACP; K-Pop; Key Club; Literacy Lab; Model UN; Newspaper Club; OST Hodori; Peer Mediation; Photography; Roblox Club; Robotics; School Newspaper; Student Government; Table Tennis; Tutoring; Ultimate Frisbee; Yearbook; Yiddish Song Club; Young Men's Leadership,high pass rate,1,95.0,95.0,95.0
Baychester Middle School,Baychester Middle School,,,"After-School Clubs: Blogging, Breakdancing, Chess, Cooking, Regents Prep, Student Council, Theater, Web Design; School Trips to: Boston, MA, Broadway, Mini-Golf, Museums, Rock Climbing, Sporting Events, Washington DC",medium pass rate,1,87.0,87.0,87.0
East Side Middle School,East Side Middle School,,,"Students may work with a teacher to develop and teach their own elective or extracurricular activity. Some classes that have been offered in the past are knitting, computer game design, Braille, American Sign language, film-making, whiffle ball, cooking, fashion design, the history of comic film, and Zumba.",high pass rate,1,100.0,100.0,100.0
Wadleigh Secondary School for the Performing & Visual Arts,Wadleigh Secondary School for the Performing & Visual Arts,Final 4th Grade Report Card,,"21st Century Leadership; Advisory; Band & Percussion; Basketball; Chess Club; College For Every Student (CFES); Community Service Learning; Culinary Arts; Dance Workshop; Extended Learning Time; Fun STEM (Science, Technology, Engineering, and Math) Club; Glee Club; Musical Theater; Peer Mentoring; Pep Rally; Robotics Club; Student Government; Track and Field",medium pass rate,1,86.0,86.0,86.0
Mott Hall III,Mott Hall III,Attendance and Punctuality,,After-School Enrichment Academy; Drama; Future City Competition; MH3 Chess Team; MH3 Chorus; MH3 Dance Team; MH3 Rock Stars; Photography; Prep 9; Specialized High School Prep; Student Government; TEAK; The Oliver Program; Trips to Colleges and Universities in the Tri-State Area,high pass rate,1,94.0,94.0,94.0
Catherine & Count Basie Middle School 72,Catherine & Count Basie Middle School 72,,,Alvin Ailey Dance; ARISTA Honor Society; Beacon; Broadway Jr.; Gender Classes; Gospel Choir; MOUSE Squad; Multicultural Club; Penny Harvest; Spanish Proficiency Exam Tutoring; Specialized High School Prep; International Travel Program; Student Council; Summer Transition Program,medium pass rate,1,88.0,88.0,88.0
Columbia Secondary School,Columbia Secondary School,Final 4th Grade Report Card,,"Biking; Board Games Club; Creative Writing; Extended Day Program (Academic, Arts, and Sports Electives); Fashion Design; Field Trips; Knitting; Music Band; Neuroscience; Newspaper; Robotics; Student Government; Theater Performances; Tinker’s Workshop; Visual Arts",high pass rate,1,95.0,95.0,95.0
James Weldon Johnson,James Weldon Johnson,Attendance,,Breakthrough New York Academic Program; Chorus; City Year After-School Program; Double Dutch; Drumline (Tiger Band Program); Flag Corps Team; Little Scholars Tutoring Program; Roads To Success AfterSchool Program,medium pass rate,1,80.0,80.0,80.0
West Bronx Academy for the Future,West Bronx Academy for the Future,,,Arts; Cheerleading; Dance; Drama; Girls Talk; Project-Based Learning; Technology Program: Mobile Computer Labs; Voices and Choices; Writing Matters,medium pass rate,1,90.0,90.0,90.0
J.H.S. 194 William Carr,J.H.S. 194 William Carr,,,Boys and Girls Basketball; Chess Club Friends of Rachel; Citizen Science Club; Culture Club; Dance Team; Film Club; Jazz Band; LEGO Robotics; Math Team; Peer Tutoring; Ukulele Club; Volleyball; Yearbook Club,high pass rate,1,94.0,94.0,94.0
P.S. 211,P.S. 211,,,"Award-Winning Dancing Classrooms Program; Creative Writing; ELL Academy; Encores! New York City Center Program’s Annual Museum & Theater Trips (NYC, New Jersey, and Massachusetts); Extended Day Program; Grow NYC ; New York Common Pantry; School Marching Band (including: Drum Line, Brass Section, and Baton Twirling); Spring Recess Program; Studio in a School; Technology; Trip to Plimoth Plantation for seventh graders and Holiday Hills for eighth grade graduates",medium pass rate,1,86.0,86.0,86.0
J.H.S. 054 Booker T. Washington,J.H.S. 054 Booker T. Washington,Entrance Assessment,,"Art Portfolio; Camera Club; Coding; Community Service Club; Dance; Homework Help; Interactive Boards; Internet Access; JV Basketball; Jazz Ensemble; Laptop Carts; Math Team; Model UN; Musicals; Painting; School Library (29,000 items in collection & full-time librarian); School Musical; School-Wide Computer Network; SHSAT Preparation; Small-Group Academic Support; Student Council; Talent Show; Two Computer Labs",high pass rate,1,99.0,99.0,99.0
J.H.S. 190 Russell Sage,J.H.S. 190 Russell Sage,,,Computer Club; Computers; Debate Team; Geometry Prep; Honors Program; Math Team; NJHS; Science Olympia; SHSAT Prep; Student Council; Yearbook Club,high pass rate,1,96.0,96.0,96.0
The Bronx School of Young Leaders,The Bronx School of Young Leaders,,,"Computer; Dance; Extensive After-School and Saturday Sports, Tutoring, and Arts Classes; Four Super Scholar trips Per Year Including: Snow Tubing, Horseback Riding, Six Flags (special trips for students who score an 85% or higher in four classes, pass all of their classes with at least 70%, and have read the required amount of independent books); Mentoring in Medicine; Mock Trial; Perfect Attendance Classes; Sign Language; Spelling Bee; Thanksgiving Turkey Bowl; Winter Talent Show",medium pass rate,1,82.0,82.0,82.0
Urban Assembly Academy for Future Leaders,Urban Assembly Academy for Future Leaders,,,Advisory; Cartooning and Fashion Design; Chess; Dance; Drama; Engineering and Business; Fine Arts: Sketching; Music Theory; Performing Arts; Photography; Production; Robotics; Sculpting; Step; Video Game Animation,medium pass rate,1,77.0,77.0,77.0
Professional Performing Arts School,Professional Performing Arts School,Audition,,"Free After-School Program in partnership with Manhattan Youth, including classes in STEM, Visual Arts, Physical Activity, and Sports.",high pass rate,1,100.0,100.0,100.0
M.S. 224 Manhattan East School for Arts & Academics,M.S. 224 Manhattan East School for Arts & Academics,Attendance,,"Flag Football, Soccer, and Basketball through Asphalt Green; Global Kids After-School Program; Nature’s Classroom; Queens College Honor Band; Rooftop Gardening with the NY Horticultural Society",medium pass rate,1,89.0,89.0,89.0
Richard S. Grossley (J.H.S. 8),Richard S. Grossley (J.H.S. 8),,,"Achieve 3000; ARISTA/NJHS; Band; Chorus; Dance; Drumline; English as a New Language After-School/Saturday Programs; Field Trips: High Schools, Colleges, Washington, DC; Flocabulary; Girls Empowered and Motivated for Success; Junior Deans Program; Program Partners: UFT, Teacher Center, Sports & Arts in Schools Foundation; Project BOOST; Student Government; Substance Abuse Prevention and Intervention; Young Men’s Initiative",medium pass rate,1,90.0,90.0,90.0
Amistad Dual Language School,Amistad Dual Language School,Spanish Interview,,"Field Day; Ice Skating Trip; LANG Program; Lang Youth Medical Program; NYC ROW; Prep for Prep; Senior Trip to Washington, DC; Specialized High School Admission Test Prep Program",medium pass rate,1,86.0,86.0,86.0
