seg_ind,intcity,db_entity_name,amnt,committee,schedule,candfirst,rank,dense_rank
N,,NEW YORK CITY COALITION AGAINST HUNGER,5.0,P,ABC,Bill,1,1
N,,THE COALITION FOR ASIAN AMERICAN CHILDREN AND FAMILIES,5.0,P,ABC,Bill,1,1
N,,AL-MAMOOR SCHOOL,10.0,P,ABC,Bill,1,2
N,,AL-MAMOOR SCHOOL,10.0,P,ABC,Bill,1,2
N,,AL-MAMOOR SCHOOL,10.0,P,ABC,Bill,1,2
N,,AL-MAMOOR SCHOOL,10.0,P,ABC,Bill,1,2
N,,"NORTHFIELD COMMUNITY LOCAL DEVELOPMENT CORP. OF STATEN ISLAND, INC.",25.0,H,ABC,Nicole,1,3
N,,"TOGETHER IN DANCE, INC",27.0,P,ABC,Bill,1,4
N,,"TOGETHER IN DANCE, INC",27.0,P,ABC,Bill,1,4
N,,"TOGETHER IN DANCE, INC",27.0,P,ABC,Bill,1,4
N,,THE LUTHERAN CHURCH OF THE ATONEMENT,27.0,P,ABC,Bill,1,4
N,,THE LUTHERAN CHURCH OF THE ATONEMENT,27.0,P,ABC,Bill,1,4
N,,THE LUTHERAN CHURCH OF THE ATONEMENT,27.0,P,ABC,Bill,1,4
N,,THE LUTHERAN CHURCH OF THE ATONEMENT,27.0,P,ABC,Bill,1,4
N,,NEW YORK COMMUNITIES FOR CHANGE,30.0,P,ABC,Bill,1,5
N,,NEW YORK COMMUNITIES FOR CHANGE,30.0,P,ABC,Bill,1,5
N,,COASTAL PLUMBING SUPPLY CO INC,50.0,H,ABC,Nicole,1,6
N,,PRIMARY CARE DEVELOPMENT CORPORATION (PCDC),50.0,P,ABC,Bill,1,6
N,,"FEDERATION OF PROTESTANT WELFARE AGENCIES, INC.",50.0,P,ABC,Bill,1,6
N,,"FEDERATION OF PROTESTANT WELFARE AGENCIES, INC.",50.0,P,ABC,Bill,1,6
N,,"FEDERATION OF PROTESTANT WELFARE AGENCIES, INC.",50.0,P,ABC,Bill,1,6
N,,"FEDERATION OF PROTESTANT WELFARE AGENCIES, INC.",50.0,P,ABC,Bill,1,6
N,,"FEDERATION OF PROTESTANT WELFARE AGENCIES, INC.",50.0,P,ABC,Bill,1,6
N,,"FEDERATION OF PROTESTANT WELFARE AGENCIES, INC.",50.0,P,ABC,Bill,1,6
N,,"FEDERATION OF PROTESTANT WELFARE AGENCIES, INC.",50.0,P,ABC,Bill,1,6
N,,"FEDERATION OF PROTESTANT WELFARE AGENCIES, INC.",50.0,P,ABC,Bill,1,6
N,,"FEDERATION OF PROTESTANT WELFARE AGENCIES, INC.",50.0,P,ABC,Bill,1,6
N,,"FEDERATION OF PROTESTANT WELFARE AGENCIES, INC.",50.0,P,ABC,Bill,1,6
N,,"FEDERATION OF PROTESTANT WELFARE AGENCIES, INC.",50.0,P,ABC,Bill,1,6
N,,"FEDERATION OF PROTESTANT WELFARE AGENCIES, INC.",50.0,P,ABC,Bill,1,6
N,,"FEDERATION OF PROTESTANT WELFARE AGENCIES, INC.",50.0,P,ABC,Bill,1,6
N,,"FEDERATION OF PROTESTANT WELFARE AGENCIES, INC.",50.0,P,ABC,Bill,1,6
N,,"FEDERATION OF PROTESTANT WELFARE AGENCIES, INC.",50.0,P,ABC,Bill,1,6
N,,"FEDERATION OF PROTESTANT WELFARE AGENCIES, INC.",50.0,P,ABC,Bill,1,6
N,,"FEDERATION OF PROTESTANT WELFARE AGENCIES, INC.",50.0,P,ABC,Bill,1,6
N,,"FEDERATION OF PROTESTANT WELFARE AGENCIES, INC.",50.0,P,ABC,Bill,1,6
N,,"FEDERATION OF PROTESTANT WELFARE AGENCIES, INC.",50.0,P,ABC,Bill,1,6
N,,"FEDERATION OF PROTESTANT WELFARE AGENCIES, INC.",50.0,P,ABC,Bill,1,6
N,,"FEDERATION OF PROTESTANT WELFARE AGENCIES, INC.",50.0,P,ABC,Bill,1,6
N,,"FEDERATION OF PROTESTANT WELFARE AGENCIES, INC.",50.0,P,ABC,Bill,1,6
N,,"FEDERATION OF PROTESTANT WELFARE AGENCIES, INC.",50.0,P,ABC,Bill,1,6
N,,"FEDERATION OF PROTESTANT WELFARE AGENCIES, INC.",50.0,P,ABC,Bill,1,6
N,,"FEDERATION OF PROTESTANT WELFARE AGENCIES, INC.",50.0,P,ABC,Bill,1,6
N,,"FEDERATION OF PROTESTANT WELFARE AGENCIES, INC.",50.0,P,ABC,Bill,1,6
N,,"FEDERATION OF PROTESTANT WELFARE AGENCIES, INC.",50.0,P,ABC,Bill,1,6
N,,"FEDERATION OF PROTESTANT WELFARE AGENCIES, INC.",50.0,P,ABC,Bill,1,6
N,,"FEDERATION OF PROTESTANT WELFARE AGENCIES, INC.",50.0,P,ABC,Bill,1,6
N,,"FEDERATION OF PROTESTANT WELFARE AGENCIES, INC.",50.0,P,ABC,Bill,1,6
N,,"FEDERATION OF PROTESTANT WELFARE AGENCIES, INC.",50.0,P,ABC,Bill,1,6
N,,"FEDERATION OF PROTESTANT WELFARE AGENCIES, INC.",50.0,P,ABC,Bill,1,6
N,,"FEDERATION OF PROTESTANT WELFARE AGENCIES, INC.",50.0,P,ABC,Bill,1,6
N,,"FEDERATION OF PROTESTANT WELFARE AGENCIES, INC.",50.0,P,ABC,Bill,1,6
N,,"FEDERATION OF PROTESTANT WELFARE AGENCIES, INC.",50.0,P,ABC,Bill,1,6
N,,"FEDERATION OF PROTESTANT WELFARE AGENCIES, INC.",50.0,P,ABC,Bill,1,6
N,,"FEDERATION OF PROTESTANT WELFARE AGENCIES, INC.",50.0,P,ABC,Bill,1,6
N,,"FEDERATION OF PROTESTANT WELFARE AGENCIES, INC.",50.0,P,ABC,Bill,1,6
N,,"FEDERATION OF PROTESTANT WELFARE AGENCIES, INC.",50.0,P,ABC,Bill,1,6
N,,"FEDERATION OF PROTESTANT WELFARE AGENCIES, INC.",50.0,P,ABC,Bill,1,6
N,,"FEDERATION OF PROTESTANT WELFARE AGENCIES, INC.",50.0,P,ABC,Bill,1,6
N,,"FEDERATION OF PROTESTANT WELFARE AGENCIES, INC.",50.0,P,ABC,Bill,1,6
N,,"FEDERATION OF PROTESTANT WELFARE AGENCIES, INC.",50.0,P,ABC,Bill,1,6
N,,"FEDERATION OF PROTESTANT WELFARE AGENCIES, INC.",50.0,P,ABC,Bill,1,6
N,,"FEDERATION OF PROTESTANT WELFARE AGENCIES, INC.",50.0,P,ABC,Bill,1,6
N,,"FEDERATION OF PROTESTANT WELFARE AGENCIES, INC.",50.0,P,ABC,Bill,1,6
N,,"FEDERATION OF PROTESTANT WELFARE AGENCIES, INC.",50.0,P,ABC,Bill,1,6
N,,"FEDERATION OF PROTESTANT WELFARE AGENCIES, INC.",50.0,P,ABC,Bill,1,6
N,,"FEDERATION OF PROTESTANT WELFARE AGENCIES, INC.",50.0,P,ABC,Bill,1,6
N,,"FEDERATION OF PROTESTANT WELFARE AGENCIES, INC.",50.0,P,ABC,Bill,1,6
N,,"FEDERATION OF PROTESTANT WELFARE AGENCIES, INC.",50.0,P,ABC,Bill,1,6
N,,"FEDERATION OF PROTESTANT WELFARE AGENCIES, INC.",50.0,P,ABC,Bill,1,6
N,,"FEDERATION OF PROTESTANT WELFARE AGENCIES, INC.",50.0,P,ABC,Bill,1,6
N,,"FEDERATION OF PROTESTANT WELFARE AGENCIES, INC.",50.0,P,ABC,Bill,1,6
N,,"FEDERATION OF PROTESTANT WELFARE AGENCIES, INC.",50.0,P,ABC,Bill,1,6
N,,"FEDERATION OF PROTESTANT WELFARE AGENCIES, INC.",50.0,P,ABC,Bill,1,6
N,,"FEDERATION OF PROTESTANT WELFARE AGENCIES, INC.",50.0,P,ABC,Bill,1,6
N,,"FEDERATION OF PROTESTANT WELFARE AGENCIES, INC.",50.0,P,ABC,Bill,1,6
N,,"FEDERATION OF PROTESTANT WELFARE AGENCIES, INC.",50.0,P,ABC,Bill,1,6
N,,"FEDERATION OF PROTESTANT WELFARE AGENCIES, INC.",50.0,P,ABC,Bill,1,6
N,,NEW HERITAGE THEATRE GROUP,50.0,P,ABC,Bill,1,6
N,,NEW HERITAGE THEATRE GROUP,50.0,P,ABC,Bill,1,6
N,,NEW HERITAGE THEATRE GROUP,50.0,P,ABC,Bill,1,6
N,,NEW HERITAGE THEATRE GROUP,50.0,P,ABC,Bill,1,6
N,,NEW HERITAGE THEATRE GROUP,50.0,P,ABC,Bill,1,6
N,,NEW HERITAGE THEATRE GROUP,50.0,P,ABC,Bill,1,6
N,,CHILDREN OF BELLEVUE INC,50.0,P,ABC,Bill,1,6
N,,CHILDREN OF BELLEVUE INC,50.0,P,ABC,Bill,1,6
N,,INNER FORCE TOTS INC,100.0,P,ABC,Bill,1,7
N,,INNER FORCE TOTS INC,100.0,P,ABC,Bill,1,7
N,,INNER FORCE TOTS INC,100.0,P,ABC,Bill,1,7
N,,INNER FORCE TOTS INC,100.0,P,ABC,Bill,1,7
N,,INNER FORCE TOTS INC,100.0,P,ABC,Bill,1,7
N,,INNER FORCE TOTS INC,100.0,P,ABC,Bill,1,7
N,,METROPOLITAN WATERFRONT ALLIANCE,100.0,P,ABC,Bill,1,7
N,,VORNADO REALTY LP,100.0,H,ABC,Nicole,4,7
N,,VORNADO REALTY LP,100.0,H,ABC,Nicole,4,7
N,New York,VORNADO REALTY LP,100.0,H,ABC,Nicole,4,7
N,,NEIGHBORHOOD HSG SERVICE OF JAMAICA INC,100.0,P,ABC,Bill,1,7
N,,NEIGHBORHOOD HSG SERVICE OF JAMAICA INC,100.0,P,ABC,Bill,1,7
N,,NEIGHBORHOOD HSG SERVICE OF JAMAICA INC,100.0,P,ABC,Bill,1,7
N,,NEIGHBORHOOD HSG SERVICE OF JAMAICA INC,100.0,P,ABC,Bill,1,7
N,,NEIGHBORHOOD HSG SERVICE OF JAMAICA INC,100.0,P,ABC,Bill,1,7
N,,NEIGHBORHOOD HSG SERVICE OF JAMAICA INC,100.0,P,ABC,Bill,1,7
N,,NEIGHBORHOOD HSG SERVICE OF JAMAICA INC,100.0,P,ABC,Bill,1,7
N,,NEIGHBORHOOD HSG SERVICE OF JAMAICA INC,100.0,P,ABC,Bill,1,7
N,,NEIGHBORHOOD HSG SERVICE OF JAMAICA INC,100.0,P,ABC,Bill,1,7
N,,NEIGHBORHOOD HSG SERVICE OF JAMAICA INC,100.0,P,ABC,Bill,1,7
N,,NEIGHBORHOOD HSG SERVICE OF JAMAICA INC,100.0,P,ABC,Bill,1,7
N,,NEIGHBORHOOD HSG SERVICE OF JAMAICA INC,100.0,P,ABC,Bill,1,7
N,,NEIGHBORHOOD HSG SERVICE OF JAMAICA INC,100.0,P,ABC,Bill,1,7
N,,NEIGHBORHOOD HSG SERVICE OF JAMAICA INC,100.0,P,ABC,Bill,1,7
N,,NEIGHBORHOOD HSG SERVICE OF JAMAICA INC,100.0,P,ABC,Bill,1,7
N,,NEIGHBORHOOD HSG SERVICE OF JAMAICA INC,100.0,P,ABC,Bill,1,7
N,,NEIGHBORHOOD HSG SERVICE OF JAMAICA INC,100.0,P,ABC,Bill,1,7
N,,NEIGHBORHOOD HSG SERVICE OF JAMAICA INC,100.0,P,ABC,Bill,1,7
N,,THE LEGAL AID SOCIETY,100.0,P,ABC,Bill,1,7
N,,BUSHWICK ECONOMIC DEVELOPMENT CORP,100.0,P,ABC,Bill,2,7
N,,THE LEGAL AID SOCIETY,100.0,P,ABC,Bill,1,7
N,,THE LEGAL AID SOCIETY,100.0,P,ABC,Bill,1,7
N,,THE LEGAL AID SOCIETY,100.0,P,ABC,Bill,1,7
N,,THE LEGAL AID SOCIETY,100.0,P,ABC,Bill,1,7
N,,THE LEGAL AID SOCIETY,100.0,P,ABC,Bill,1,7
N,,"NATURAL RESOURCES DEFENSE COUNCIL, INC.",175.0,P,ABC,Bill,2,8
N,,ST. ROSALIA-REGINA PACIS NEIGHBORHOOD IMPROVEMENT ASSOCIATION INC (NIA),175.0,P,ABC,Bill,1,8
N,,ST. ROSALIA-REGINA PACIS NEIGHBORHOOD IMPROVEMENT ASSOCIATION INC (NIA),175.0,P,ABC,Bill,1,8
N,,VORNADO REALTY LP,175.0,H,ABC,Nicole,1,8
N,,VORNADO REALTY LP,175.0,H,ABC,Nicole,1,8
N,New York,VORNADO REALTY LP,175.0,H,ABC,Nicole,1,8
N,,"FRIENDS OF THE HIGH LINE, INC",175.0,P,ABC,Bill,1,8
N,,"ANDREW VELEZ CONSTRUCTION, INC.",175.0,P,ABC,Bill,1,8
N,,BATTALION CHRISTIAN ACADEMY,200.0,P,ABC,Bill,1,9
N,,BATTALION CHRISTIAN ACADEMY,200.0,P,ABC,Bill,1,9
N,,"NEW VISIONS FOR PUBLIC SCHOOLS, INC.",250.0,P,ABC,Bill,1,10
N,,DALYGONZALEZ LLC,250.0,P,ABC,Bill,1,10
N,,NEW YORK COUNTY HEALTH SERVICES REVIEW,250.0,P,ABC,Bill,1,10
N,Warren,SUPERIOR PEST ELIMINATION INC,250.0,H,ABC,Paul,1,10
N,,NATIONAL BLACK LEADERSHIP COMMISSION ON,250.0,P,ABC,Bill,1,10
N,,BUSHWICK ECONOMIC DEVELOPMENT CORP,250.0,P,ABC,Bill,1,10
N,,RICHMOND COUNTY YOUTH COMPLEX,300.0,H,ABC,Nicole,1,11
N,,CONSOLIDATED EDISON CO. OF NEW YORK INC.,400.0,P,ABC,Bill,1,12
N,Brooklyn,CONSOLIDATED EDISON CO. OF NEW YORK INC.,400.0,P,ABC,Bill,1,12
N,,CONSOLIDATED EDISON CO. OF NEW YORK INC.,400.0,P,ABC,Bill,1,12
N,,CONSOLIDATED EDISON CO. OF NEW YORK INC.,400.0,P,ABC,Bill,1,12
N,Brooklyn,CONSOLIDATED EDISON CO. OF NEW YORK INC.,400.0,P,ABC,Bill,1,12
N,,CONSOLIDATED EDISON CO. OF NEW YORK INC.,400.0,P,ABC,Bill,1,12
N,,CONSOLIDATED EDISON CO. OF NEW YORK INC.,400.0,P,ABC,Bill,1,12
N,,"MADELINE CHOCOLATE NOVELTIES, INC.",400.0,P,ABC,Bill,1,12
N,,"MADELINE CHOCOLATE NOVELTIES, INC.",400.0,P,ABC,Bill,1,12
N,Brooklyn,CONSOLIDATED EDISON CO. OF NEW YORK INC.,400.0,P,ABC,Bill,1,12
N,Brooklyn,CONSOLIDATED EDISON CO. OF NEW YORK INC.,400.0,P,ABC,Bill,1,12
N,,"STUDLEY, INC.",400.0,H,ABC,Paul,1,12
N,Brooklyn,CONSOLIDATED EDISON CO. OF NEW YORK INC.,400.0,P,ABC,Bill,1,12
N,Brooklyn,CONSOLIDATED EDISON CO. OF NEW YORK INC.,400.0,P,ABC,Paul,1,12
N,Brooklyn,CONSOLIDATED EDISON CO. OF NEW YORK INC.,400.0,P,ABC,Paul,1,12
N,New York,PARK STRATEGIES LLC,400.0,P,ABC,Bill,1,12
N,,PARK STRATEGIES LLC,400.0,P,ABC,Bill,1,12
N,,PARK STRATEGIES LLC,400.0,P,ABC,Bill,1,12
N,,CONSOLIDATED EDISON CO. OF NEW YORK INC.,400.0,P,ABC,Bill,1,12
N,,CONSOLIDATED EDISON CO. OF NEW YORK INC.,400.0,P,ABC,Paul,1,12
N,Brooklyn,CONSOLIDATED EDISON CO. OF NEW YORK INC.,400.0,P,ABC,Bill,1,12
N,,CONSOLIDATED EDISON CO. OF NEW YORK INC.,400.0,P,ABC,Paul,1,12
N,,TECHNO CONSULT INC,400.0,P,ABC,Bill,1,12
N,,PARTNERS VII/ 98 AVENUE A OWNER LLC,400.0,P,ABC,Bill,1,12
N,,PARTNERS VII/ 98 AVENUE A OWNER LLC,400.0,P,ABC,Bill,1,12
N,,FOREST CITY RATNER COMPANIES LLC,400.0,P,ABC,Bill,1,12
N,,FOREST CITY RATNER COMPANIES LLC,400.0,P,ABC,Bill,1,12
N,,FOREST CITY RATNER COMPANIES LLC,400.0,P,ABC,Bill,1,12
N,,FOREST CITY RATNER COMPANIES LLC,400.0,P,ABC,Bill,1,12
N,,FOREST CITY RATNER COMPANIES LLC,400.0,P,ABC,Bill,1,12
N,,FOREST CITY RATNER COMPANIES LLC,400.0,P,ABC,Bill,1,12
N,,FOREST CITY RATNER COMPANIES LLC,400.0,P,ABC,Bill,1,12
N,,FOREST CITY RATNER COMPANIES LLC,400.0,P,ABC,Bill,1,12
N,,"THE DOE FUND, INC.",400.0,P,ABC,Bill,1,12
N,,"PITTA, BISHOP, DEL GIORNO & GIBLIN LLC",400.0,P,ABC,Bill,1,12
N,,"SVAM INTERNATIONAL, INC",400.0,P,ABC,Bill,1,12
N,,"PITTA, BISHOP, DEL GIORNO & GIBLIN LLC",400.0,P,ABC,Bill,1,12
N,East Williston,LILKER ASSOCIATES CONSULTING ENGINEERS PC PC,500.0,H,ABC,Paul,1,13
N,,"NATURAL RESOURCES DEFENSE COUNCIL, INC.",500.0,P,ABC,Bill,1,13
N,,CONSTANTINOPLE & VALLONE CONSULTING LLC,500.0,P,ABC,Josh,1,13
N,,CONSTANTINOPLE & VALLONE CONSULTING LLC,500.0,P,ABC,Bill,1,13
N,,CONSTANTINOPLE & VALLONE CONSULTING LLC,500.0,P,ABC,Bill,1,13
N,,CONSTANTINOPLE & VALLONE CONSULTING LLC,500.0,P,ABC,Josh,1,13
N,,CONSTANTINOPLE & VALLONE CONSULTING LLC,500.0,P,ABC,Bill,1,13
N,,CONSTANTINOPLE & VALLONE CONSULTING LLC,500.0,P,ABC,Josh,1,13
N,,CONSTANTINOPLE & VALLONE CONSULTING LLC,500.0,P,ABC,Bill,1,13
N,,CONSTANTINOPLE & VALLONE CONSULTING LLC,500.0,P,ABC,Josh,1,13
N,New York,EMPIRE OFFICE INC,1000.0,H,ABC,Paul,1,14
N,,EMPIRE OFFICE INC,1000.0,H,ABC,Paul,1,14
N,,EMPIRE OFFICE INC,1000.0,H,ABC,Paul,1,14
N,,CARE FOR THE HOMELESS,1000.0,P,ABC,Bill,1,14
N,,CARE FOR THE HOMELESS,1000.0,P,ABC,Bill,1,14
N,,CARE FOR THE HOMELESS,1000.0,P,ABC,Bill,1,14
N,,JAMES PANTELIDIS,4950.0,H,ABC,Nicole,1,15
N,,JAMES PANTELIDIS,4950.0,H,ABC,Nicole,1,15
N,New York,JAMES PANTELIDIS,4950.0,H,ABC,Nicole,1,15
