geocode,latitude,longitude,avgofmajor_n,community_board,nypd_site_name,council_district,:@computed_region_f5dn_yrer,oth_n
"{'latitude': '40.642265', 'longitude': '-74.098153', 'human_address': '{""address"": ""71 77 CLINTON AVENUE"", ""city"": """", ""state"": """", ""zip"": """"}'}",40.695332,-73.969243,0.28,2.0,PS 077K,35.0,4.0,1.0
"{'latitude': '29.999634', 'longitude': '-90.268991', 'human_address': '{""address"": ""223 EAST 23 STREET"", ""city"": """", ""state"": """", ""zip"": """"}'}",40.738548,-73.982455,,6.0,JHS 044M,2.0,,
"{'latitude': '40.740874', 'longitude': '-73.853945', 'human_address': '{""address"": ""107 01 OTIS AVENUE"", ""city"": """", ""state"": """", ""zip"": """"}'}",40.74056,-73.854131,0.57,4.0,IS 008Q,21.0,66.0,0.0
"{'latitude': '40.685105', 'longitude': '-73.947157', 'human_address': '{""address"": ""832 MARCY AVENUE"", ""city"": """", ""state"": """", ""zip"": """"}'}",40.685004,-73.947152,0.38,3.0,NEW UTRECHT HS,36.0,69.0,9.0
"{'latitude': '42.015123', 'longitude': '-71.391496', 'human_address': '{""address"": ""185 ELLERY STREET"", ""city"": """", ""state"": """", ""zip"": """"}'}",40.698869,-73.945042,,3.0,PS 145K,36.0,,
"{'latitude': '40.660364', 'longitude': '-73.907393', 'human_address': '{""address"": ""411 THATFORD AVENUE"", ""city"": """", ""state"": """", ""zip"": """"}'}",40.660306,-73.907355,0.27,16.0,PS 040K,42.0,55.0,2.0
"{'latitude': '41.993153', 'longitude': '-71.341312', 'human_address': '{""address"": ""244 WEST 144 STREET"", ""city"": """", ""state"": """", ""zip"": """"}'}",40.821535,-73.940941,,10.0,PS 187M,9.0,,
"{'latitude': '46.62292', 'longitude': '-94.212971', 'human_address': '{""address"": ""9115 5 AVENUE"", ""city"": """", ""state"": """", ""zip"": """"}'}",40.618415,-74.028842,0.64,10.0,PS 102K,43.0,,0.0
"{'latitude': '39.605645', 'longitude': '-74.210596', 'human_address': '{""address"": ""32 WEST 92 STREET"", ""city"": """", ""state"": """", ""zip"": """"}'}",40.789526,-73.967574,0.38,7.0,PS 075M,6.0,,0.0
"{'latitude': '40.696766', 'longitude': '-73.786934', 'human_address': '{""address"": ""108 35 167 STREET"", ""city"": """", ""state"": """", ""zip"": """"}'}",40.69719,-73.787192,0.9,12.0,THURGOOD MARSHALL ACADEMY,27.0,41.0,2.0
"{'latitude': '27.55681', 'longitude': '-82.566745', 'human_address': '{""address"": ""328 WEST 48 STREET"", ""city"": """", ""state"": """", ""zip"": """"}'}",40.761448,-73.988019,0.24,4.0,JHS 013M,3.0,,1.0
"{'latitude': '31.65974', 'longitude': '-97.474877', 'human_address': '{""address"": ""202 AVENUE"", ""city"": """", ""state"": """", ""zip"": """"}'}",40.640463,-73.977642,0.27,12.0,PS 176K,39.0,,0.0
"{'latitude': '34.8215', 'longitude': '-118.268509', 'human_address': '{""address"": ""100 WEST 77 STREET"", ""city"": """", ""state"": """", ""zip"": """"}'}",40.780822,-73.976855,,7.0,JHS 172M,6.0,,
"{'latitude': '40.681954', 'longitude': '-73.93554', 'human_address': '{""address"": ""272 MACDONOUGH STREET"", ""city"": """", ""state"": """", ""zip"": """"}'}",40.681896,-73.935963,,3.0,PS 034K,36.0,69.0,
"{'latitude': '31.852838', 'longitude': '-82.607579', 'human_address': '{""address"": ""71 HESTER STREET"", ""city"": """", ""state"": """", ""zip"": """"}'}",40.715905,-73.990895,0.28,3.0,PS 034M,1.0,,0.0
"{'latitude': '35.300163', 'longitude': '-77.77611', 'human_address': '{""address"": ""5909 BEVERLY ROAD"", ""city"": """", ""state"": """", ""zip"": """"}'}",40.646877,-73.920977,0.27,17.0,JHS 278K,45.0,,0.0
"{'latitude': '40.594236', 'longitude': '-73.936836', 'human_address': '{""address"": ""3000 AVENUE"", ""city"": """", ""state"": """", ""zip"": """"}'}",40.594124,-73.937696,,15.0,BUSHWICK HS CAMPUS,48.0,32.0,
"{'latitude': '40.631473', 'longitude': '-74.143984', 'human_address': '{""address"": ""168 HOOKER PLACE"", ""city"": """", ""state"": """", ""zip"": """"}'}",40.631523,-74.144297,0.28,1.0,IS 7R,49.0,4.0,3.0
"{'latitude': '33.978425', 'longitude': '-118.248968', 'human_address': '{""address"": ""1420 EAST 68 STREET"", ""city"": """", ""state"": """", ""zip"": """"}'}",40.621224,-73.91287,,18.0,PS 075K,46.0,,
"{'latitude': '27.55681', 'longitude': '-82.566745', 'human_address': '{""address"": ""328 WEST 48 STREET"", ""city"": """", ""state"": """", ""zip"": """"}'}",40.761448,-73.988019,,4.0,JHS 013M,3.0,,
"{'latitude': '42.103577', 'longitude': '-86.44529', 'human_address': '{""address"": ""794 MONROE STREET"", ""city"": """", ""state"": """", ""zip"": """"}'}",40.688419,-73.924833,,3.0,PS 307K,41.0,,
"{'latitude': '40.704801', 'longitude': '-73.939232', 'human_address': '{""address"": ""325 BUSHWICK AVENUE"", ""city"": """", ""state"": """", ""zip"": """"}'}",40.705204,-73.939407,0.28,1.0,IS 142K,34.0,36.0,0.0
"{'latitude': '44.150758', 'longitude': '-92.898543', 'human_address': '{""address"": ""131 IRWIN STREET"", ""city"": """", ""state"": """", ""zip"": """"}'}",40.579451,-73.943819,0.28,15.0,PS 190K,48.0,,0.0
"{'latitude': '40.716036', 'longitude': '-74.010996', 'human_address': '{""address"": ""292 GREENWICH STREET"", ""city"": """", ""state"": """", ""zip"": """"}'}",40.71602,-74.011035,,1.0,PS 206M,1.0,56.0,
"{'latitude': '40.694892', 'longitude': '-73.985278', 'human_address': '{""address"": ""105 TECH PLACE"", ""city"": """", ""state"": """", ""zip"": """"}'}",40.694926,-73.986015,,2.0,EDWARD R. MURROW HS,33.0,68.0,
"{'latitude': '40.594236', 'longitude': '-73.936836', 'human_address': '{""address"": ""3000 AVENUE"", ""city"": """", ""state"": """", ""zip"": """"}'}",40.594124,-73.937696,,15.0,BUSHWICK HS CAMPUS,48.0,32.0,
"{'latitude': '40.877814', 'longitude': '-73.911868', 'human_address': '{""address"": ""2975 TIBBETT AVENUE"", ""city"": """", ""state"": """", ""zip"": """"}'}",40.879368,-73.909896,,8.0,MS 254X,11.0,48.0,
"{'latitude': '40.859933', 'longitude': '-73.888168', 'human_address': '{""address"": ""500 EAST FORDHAM ROAD"", ""city"": """", ""state"": """", ""zip"": """"}'}",40.860043,-73.888267,1.69,6.0,The Cinema School,15.0,35.0,14.0
"{'latitude': '40.70649', 'longitude': '-74.017796', 'human_address': '{""address"": ""55 BATTERY PLACE"", ""city"": """", ""state"": """", ""zip"": """"}'}",40.70644,-74.017818,0.28,1.0,IS 218M,1.0,56.0,0.0
"{'latitude': '40.679415', 'longitude': '-73.931607', 'human_address': '{""address"": ""1700 FULTON STREET"", ""city"": """", ""state"": """", ""zip"": """"}'}",40.67944,-73.932407,,3.0,NEW UTRECHT HS,36.0,69.0,
"{'latitude': '40.770522', 'longitude': '-73.951072', 'human_address': '{""address"": ""1458 YORK AVENUE"", ""city"": """", ""state"": """", ""zip"": """"}'}",40.770419,-73.951135,0.27,8.0,PS 152M,5.0,23.0,3.0
"{'latitude': '31.711655', 'longitude': '-110.068987', 'human_address': '{""address"": ""325 SOUTH 3 STREET"", ""city"": """", ""state"": """", ""zip"": """"}'}",40.709647,-73.95465,0.28,1.0,PS 019K,34.0,,0.0
"{'latitude': '39.605645', 'longitude': '-74.210596', 'human_address': '{""address"": ""32 WEST 92 STREET"", ""city"": """", ""state"": """", ""zip"": """"}'}",40.789526,-73.967574,,7.0,PS 076M,6.0,,
"{'latitude': '42.933492', 'longitude': '-72.279737', 'human_address': '{""address"": ""34 WEST 118 STREET"", ""city"": """", ""state"": """", ""zip"": """"}'}",40.80247,-73.946716,0.27,10.0,PS 144M,9.0,,2.0
"{'latitude': '40.726673', 'longitude': '-73.953962', 'human_address': '{""address"": ""75 MESEROLE AVENUE"", ""city"": """", ""state"": """", ""zip"": """"}'}",40.726587,-73.95427,0.28,1.0,PS 029K,33.0,36.0,0.0
"{'latitude': '40.647265', 'longitude': '-73.891987', 'human_address': '{""address"": ""965 EAST 107TH STREET"", ""city"": """", ""state"": """", ""zip"": """"}'}",40.647323,-73.892022,0.27,18.0,PS 346K,46.0,5.0,1.0
"{'latitude': '27.783609', 'longitude': '-80.501816', 'human_address': '{""address"": ""999 JAMAICA AVENUE"", ""city"": """", ""state"": """", ""zip"": """"}'}",40.691146,-73.868328,,5.0,SAMUEL J. TILDEN HS,37.0,,
"{'latitude': '40.815876', 'longitude': '-73.952864', 'human_address': '{""address"": ""71 111 CONVENT AVE"", ""city"": """", ""state"": """", ""zip"": """"}'}",40.815458,-73.952908,,9.0,PS 206M,9.0,37.0,
"{'latitude': '41.735727', 'longitude': '-92.717697', 'human_address': '{""address"": ""333 EAST 151 STREET"", ""city"": """", ""state"": """", ""zip"": """"}'}",40.818232,-73.919867,,1.0,JOHN F. KENNEDY HS,17.0,,
"{'latitude': '41.692022', 'longitude': '-71.166289', 'human_address': '{""address"": ""213 OSBORN STREET"", ""city"": """", ""state"": """", ""zip"": """"}'}",40.667377,-73.908214,0.38,16.0,PS 277K,41.0,,1.0
"{'latitude': '38.735809', 'longitude': '-120.799784', 'human_address': '{""address"": ""2839 BEDFORD AVENUE"", ""city"": """", ""state"": """", ""zip"": """"}'}",40.633237,-73.952929,0.9,14.0,PAL AUXILARY SERVICES,45.0,,6.0
"{'latitude': '41.615667', 'longitude': '-81.518679', 'human_address': '{""address"": ""120 45 235 STREET"", ""city"": """", ""state"": """", ""zip"": """"}'}",40.685492,-73.729982,0.38,13.0,JHS 168Q,27.0,,1.0
"{'human_address': '{""address"": ""55 EAST 120 STREET"", ""city"": """", ""state"": """", ""zip"": """"}'}",40.802419,-73.942634,0.28,11.0,IS 070M,9.0,,2.0
"{'latitude': '40.6761', 'longitude': '-73.935713', 'human_address': '{""address"": ""1580 DEAN STREET"", ""city"": """", ""state"": """", ""zip"": """"}'}",40.676094,-73.935688,0.24,8.0,,36.0,16.0,0.0
"{'latitude': '42.343103', 'longitude': '-83.085748', 'human_address': '{""address"": ""4200 16 AVENUE"", ""city"": """", ""state"": """", ""zip"": """"}'}",40.634875,-73.981528,,12.0,PS 219K MAIN,44.0,,
"{'latitude': '40.687981', 'longitude': '-74.001276', 'human_address': '{""address"": ""111 COLUMBIA STREET"", ""city"": """", ""state"": """", ""zip"": """"}'}",40.718895,-73.979308,0.28,3.0,MS 17M,2.0,14.0,1.0
"{'latitude': '37.665046', 'longitude': '-120.962673', 'human_address': '{""address"": ""1980 LAFAYETTE AVENUE"", ""city"": """", ""state"": """", ""zip"": """"}'}",40.82229,-73.856167,,9.0,THEODORE ROOSEVELT HS,18.0,,
"{'latitude': '37.32742', 'longitude': '-80.815882', 'human_address': '{""address"": ""344 MONROE STREET"", ""city"": """", ""state"": """", ""zip"": """"}'}",40.686076,-73.945229,0.27,3.0,IS 302K,36.0,,1.0
"{'latitude': '40.694892', 'longitude': '-73.985278', 'human_address': '{""address"": ""105 TECH PLACE"", ""city"": """", ""state"": """", ""zip"": """"}'}",40.694926,-73.986015,,2.0,EDWARD R. MURROW HS,33.0,68.0,
"{'latitude': '39.798783', 'longitude': '-75.248275', 'human_address': '{""address"": ""430 HOWARD AVENUE"", ""city"": """", ""state"": """", ""zip"": """"}'}",40.673073,-73.919594,0.27,16.0,PS 012K,41.0,,1.0
"{'latitude': '28.577485', 'longitude': '-81.744494', 'human_address': '{""address"": ""210 CHESTER STREET"", ""city"": """", ""state"": """", ""zip"": """"}'}",40.666545,-73.910904,0.27,16.0,Excellence Charter School of Bedford Stuyvesant,41.0,,2.0
"{'latitude': '40.649522', 'longitude': '-73.958489', 'human_address': '{""address"": ""911 FLATBUSH AVENUE"", ""city"": """", ""state"": """", ""zip"": """"}'}",40.649787,-73.95855,,14.0,JOHN JAY HS,40.0,60.0,
"{'latitude': '40.866877', 'longitude': '-73.92351', 'human_address': '{""address"": ""4862 BROADWAY"", ""city"": """", ""state"": """", ""zip"": """"}'}",40.866706,-73.923948,,12.0,IS 167M,10.0,47.0,
"{'latitude': '40.860571', 'longitude': '-73.927546', 'human_address': '{""address"": ""93 NAGLE AVENUE"", ""city"": """", ""state"": """", ""zip"": """"}'}",40.860412,-73.927936,0.27,12.0,,10.0,47.0,1.0
"{'latitude': '40.837568', 'longitude': '-73.854529', 'human_address': '{""address"": ""2120 ST RAYMOND\'S AVENUE"", ""city"": """", ""state"": """", ""zip"": """"}'}",40.837524,-73.8548,0.57,9.0,METROPOLITAN HIGH SCHOOL,18.0,58.0,0.0
"{'latitude': '40.530154', 'longitude': '-74.187726', 'human_address': '{""address"": ""348 DEISIUS STREET"", ""city"": """", ""state"": """", ""zip"": """"}'}",40.530169,-74.187635,0.38,3.0,PS 78Q,51.0,15.0,3.0
"{'latitude': '40.806146', 'longitude': '-74.015262', 'human_address': '{""address"": ""1601 80 STREET"", ""city"": """", ""state"": """", ""zip"": """"}'}",,,0.64,,THOMAS JEFFERSON HS,,,10.0
"{'latitude': '42.343103', 'longitude': '-83.085748', 'human_address': '{""address"": ""4200 16 AVENUE"", ""city"": """", ""state"": """", ""zip"": """"}'}",40.634875,-73.981528,0.66,12.0,PS 219K MAIN,44.0,,0.0
"{'latitude': '38.085385', 'longitude': '-122.230439', 'human_address': '{""address"": ""284 BALTIC STREET"", ""city"": """", ""state"": """", ""zip"": """"}'}",40.685419,-73.993351,,6.0,IS 291K,33.0,,
"{'latitude': '32.818497', 'longitude': '-85.168805', 'human_address': '{""address"": ""5601 16 AVENUE"", ""city"": """", ""state"": """", ""zip"": """"}'}",40.627029,-73.989672,0.38,12.0,PS 177K,44.0,,0.0
"{'latitude': '26.614812', 'longitude': '-81.569933', 'human_address': '{""address"": ""400 IRVING AVENUE"", ""city"": """", ""state"": """", ""zip"": """"}'}",40.69697,-73.910791,,4.0,GEORGE WINGATE HS,37.0,,
"{'latitude': '38.760401', 'longitude': '-112.087532', 'human_address': '{""address"": ""500 WEST 160 STREET"", ""city"": """", ""state"": """", ""zip"": """"}'}",40.834899,-73.941085,0.38,12.0,New Hope Academy Charter School,7.0,,2.0
"{'latitude': '41.8464', 'longitude': '-87.699547', 'human_address': '{""address"": ""2950 WEST 25 STREET"", ""city"": """", ""state"": """", ""zip"": """"}'}",40.574411,-73.99194,0.24,13.0,PS 282K,47.0,,1.0
"{'latitude': '40.773477', 'longitude': '-111.886448', 'human_address': '{""address"": ""160 EAST 120 STREET"", ""city"": """", ""state"": """", ""zip"": """"}'}",40.801007,-73.939349,0.28,11.0,PS 001M,8.0,,0.0
"{'latitude': '40.849185', 'longitude': '-73.931585', 'human_address': '{""address"": ""511 WEST 182ND STREET"", ""city"": """", ""state"": """", ""zip"": """"}'}",40.848908,-73.930948,0.27,12.0,Percy E. Sutton Educ. Complex/Formerly BREAD & ROSES HS,10.0,47.0,0.0
"{'latitude': '33.857586', 'longitude': '-118.191865', 'human_address': '{""address"": ""231 249 EAST 56 STREET"", ""city"": """", ""state"": """", ""zip"": """"}'}",40.75924,-73.967203,0.9,6.0,Hamilton Heights School,4.0,,0.0
"{'latitude': '40.850715', 'longitude': '-73.934329', 'human_address': '{""address"": ""185 WADSWORTH AVENUE"", ""city"": """", ""state"": """", ""zip"": """"}'}",40.850626,-73.934377,0.64,12.0,P.S.128 MINISCHOOL,10.0,47.0,10.0
"{'latitude': '35.200279', 'longitude': '-83.820244', 'human_address': '{""address"": ""141 MACON STREET"", ""city"": """", ""state"": """", ""zip"": """"}'}",40.681572,-73.945446,0.64,3.0,PS 254K,36.0,,1.0
"{'latitude': '40.745883', 'longitude': '-73.866302', 'human_address': '{""address"": ""43 18 97TH PLACE"", ""city"": """", ""state"": """", ""zip"": """"}'}",40.745995,-73.866372,0.28,4.0,,21.0,66.0,0.0
"{'latitude': '40.70598', 'longitude': '-73.9615', 'human_address': '{""address"": ""157 WILSON STREET"", ""city"": """", ""state"": """", ""zip"": """"}'}",40.706023,-73.961476,,1.0,PS 016K,33.0,36.0,
"{'latitude': '39.718815', 'longitude': '-90.228', 'human_address': '{""address"": ""1224 PARK PLACE"", ""city"": """", ""state"": """", ""zip"": """"}'}",40.672713,-73.936924,,8.0,PS 380K,36.0,,
"{'latitude': '40.312519', 'longitude': '-75.834452', 'human_address': '{""address"": ""400 PENNSYLVANIA AVENUE"", ""city"": """", ""state"": """", ""zip"": """"}'}",40.667456,-73.894747,,5.0,Spring Creek Community School,42.0,,
"{'latitude': '43.082584', 'longitude': '-73.771551', 'human_address': '{""address"": ""21 JUMEL PLACE"", ""city"": """", ""state"": """", ""zip"": """"}'}",40.839305,-73.936159,,12.0,EIGHT PLUS LEARNING ACADEMIES,10.0,,
"{'latitude': '29.384559', 'longitude': '-94.759702', 'human_address': '{""address"": ""2005 MADISON AVENUE"", ""city"": """", ""state"": """", ""zip"": """"}'}",40.807383,-73.939433,0.27,11.0,MARTIN LUTHER KING JR. HS (Complex),9.0,,0.0
"{'latitude': '37.793153', 'longitude': '-122.252624', 'human_address': '{""address"": ""730 EAST 12 STREET"", ""city"": """", ""state"": """", ""zip"": """"}'}",40.726473,-73.975181,0.28,3.0,PS 028M,2.0,,1.0
"{'latitude': '42.378897', 'longitude': '-122.915098', 'human_address': '{""address"": ""257 NORTH 6 STREET"", ""city"": """", ""state"": """", ""zip"": """"}'}",40.715073,-73.954754,0.38,1.0,AUTOMOTIVE HS,33.0,,8.0
"{'latitude': '29.510513', 'longitude': '-90.331629', 'human_address': '{""address"": ""100 WEST 84 STREET"", ""city"": """", ""state"": """", ""zip"": """"}'}",40.785287,-73.97343,,7.0,PS 006M,6.0,,
"{'latitude': '33.900142', 'longitude': '-80.346844', 'human_address': '{""address"": ""231 PALMETTO STREET"", ""city"": """", ""state"": """", ""zip"": """"}'}",40.695362,-73.915142,0.28,4.0,P811K C.M.H.C.,37.0,,0.0
"{'latitude': '40.754122', 'longitude': '-80.320853', 'human_address': '{""address"": ""1301 8 AVENUE"", ""city"": """", ""state"": """", ""zip"": """"}'}",40.663251,-73.981289,0.28,6.0,PS 106K,39.0,,0.0
"{'latitude': '40.679415', 'longitude': '-73.931607', 'human_address': '{""address"": ""1700 FULTON STREET"", ""city"": """", ""state"": """", ""zip"": """"}'}",40.67944,-73.932407,,3.0,NEW UTRECHT HS,36.0,69.0,
"{'latitude': '43.321852', 'longitude': '-73.637703', 'human_address': '{""address"": ""195 SANFORD STREET"", ""city"": """", ""state"": """", ""zip"": """"}'}",40.693018,-73.953034,0.24,3.0,PS 052K,33.0,,0.0
"{'latitude': '41.840689', 'longitude': '-73.406223', 'human_address': '{""address"": ""176 EAST 115 STREET"", ""city"": """", ""state"": """", ""zip"": """"}'}",40.797577,-73.94128,0.28,11.0,JHS 052M,8.0,,1.0
"{'latitude': '35.507723', 'longitude': '-90.147474', 'human_address': '{""address"": ""265 RALPH AVENUE"", ""city"": """", ""state"": """", ""zip"": """"}'}",40.680463,-73.922264,0.28,3.0,PS 039K,41.0,,2.0
"{'latitude': '37.706452', 'longitude': '-121.084239', 'human_address': '{""address"": ""4600 BROADWAY"", ""city"": """", ""state"": """", ""zip"": """"}'}",40.86079,-73.930672,0.28,12.0,PS 198M,10.0,,0.0
"{'latitude': '35.375251', 'longitude': '-119.00591', 'human_address': '{""address"": ""330 18 STREET"", ""city"": """", ""state"": """", ""zip"": """"}'}",,,,,SOUTH BROOKLYN COMMUNITY HS,,,
"{'latitude': '40.656944', 'longitude': '-73.874295', 'human_address': '{""address"": ""1065 ELTON STREET"", ""city"": """", ""state"": """", ""zip"": """"}'}",40.657459,-73.874756,,5.0,FRANKLIN K. LANE HS,42.0,45.0,
"{'latitude': '40.675876', 'longitude': '-73.566264', 'human_address': '{""address"": ""1750 AMSTERDAM AVENUE"", ""city"": """", ""state"": """", ""zip"": """"}'}",40.826295,-73.946845,,9.0,PS 145M,7.0,,
"{'latitude': '40.675876', 'longitude': '-73.566264', 'human_address': '{""address"": ""1750 AMSTERDAM AVENUE"", ""city"": """", ""state"": """", ""zip"": """"}'}",40.826295,-73.946845,,9.0,PS 145M,7.0,,
"{'latitude': '40.676794', 'longitude': '-73.960179', 'human_address': '{""address"": ""443 ST MARKS AVENUE"", ""city"": """", ""state"": """", ""zip"": """"}'}",40.676774,-73.960058,,8.0,PS 21K,35.0,16.0,
"{'latitude': '43.541643', 'longitude': '-95.470144', 'human_address': '{""address"": ""185 1 AVENUE"", ""city"": """", ""state"": """", ""zip"": """"}'}",40.729636,-73.983818,,3.0,JHS 013M,2.0,,
"{'latitude': '40.701328', 'longitude': '-73.981737', 'human_address': '{""address"": ""209 YORK STREET"", ""city"": """", ""state"": """", ""zip"": """"}'}",40.701343,-73.982314,,2.0,PS 304K,33.0,68.0,
"{'latitude': '40.593353', 'longitude': '-73.937627', 'human_address': '{""address"": ""2424 BATCHELDER STREET"", ""city"": """", ""state"": """", ""zip"": """"}'}",40.593521,-73.937672,,15.0,IS 014K,48.0,32.0,
"{'latitude': '40.694626', 'longitude': '-73.988637', 'human_address': '{""address"": ""283 ADAMS STREET"", ""city"": """", ""state"": """", ""zip"": """"}'}",40.694682,-73.988853,0.38,2.0,PS 308K,33.0,68.0,0.0
"{'latitude': '33.880725', 'longitude': '-118.206822', 'human_address': '{""address"": ""270 WEST 70 STREET"", ""city"": """", ""state"": """", ""zip"": """"}'}",40.778059,-73.984449,,7.0,East Harlem Village Academy Charter School,6.0,,
"{'latitude': '27.061579', 'longitude': '-82.106809', 'human_address': '{""address"": ""1560 PURDY STREET"", ""city"": """", ""state"": """", ""zip"": """"}'}",40.837931,-73.853524,0.28,9.0,PS 119X,18.0,,0.0
"{'latitude': '40.694626', 'longitude': '-73.988637', 'human_address': '{""address"": ""283 ADAMS STREET"", ""city"": """", ""state"": """", ""zip"": """"}'}",40.694682,-73.988853,,2.0,PS 309K,33.0,68.0,
"{'latitude': '42.356723', 'longitude': '-71.111051', 'human_address': '{""address"": ""122 HENRY STREET"", ""city"": """", ""state"": """", ""zip"": """"}'}",40.713273,-73.991339,0.27,3.0,BROOKLYN EXCELSIOR CHARTER,1.0,,0.0
"{'latitude': '40.59569', 'longitude': '-73.975167', 'human_address': '{""address"": ""345 VAN SICKLEN STREET"", ""city"": """", ""state"": """", ""zip"": """"}'}",40.595698,-73.97518,0.38,15.0,PS 094K,47.0,32.0,0.0
"{'latitude': '40.677151', 'longitude': '-73.904197', 'human_address': '{""address"": ""1495 HERKIMER STREET"", ""city"": """", ""state"": """", ""zip"": """"}'}",40.67715,-73.903953,0.24,16.0,PS 036K,37.0,55.0,0.0
"{'latitude': '42.42416', 'longitude': '-72.123709', 'human_address': '{""address"": ""500 WEST 138 STREET"", ""city"": """", ""state"": """", ""zip"": """"}'}",40.820953,-73.951145,0.28,9.0,PS 183M,7.0,,0.0
"{'latitude': '40.643509', 'longitude': '-73.896507', 'human_address': '{""address"": ""1001 EAST 100 STREET"", ""city"": """", ""state"": """", ""zip"": """"}'}",40.643278,-73.896212,,18.0,PS/IS 206K,46.0,5.0,
"{'latitude': '41.0348', 'longitude': '-81.736966', 'human_address': '{""address"": ""433 WEST 123 STREET"", ""city"": """", ""state"": """", ""zip"": """"}'}",40.810511,-73.955997,,9.0,PS 038M,7.0,,
"{'latitude': '45.185051', 'longitude': '-89.691868', 'human_address': '{""address"": ""600 EAST 6 STREET"", ""city"": """", ""state"": """", ""zip"": """"}'}",40.72438,-73.98138,,3.0,PS 061M,2.0,,
"{'latitude': '37.28798', 'longitude': '-76.77001', 'human_address': '{""address"": ""219 EAST 109 STREET"", ""city"": """", ""state"": """", ""zip"": """"}'}",40.793194,-73.942548,,11.0,PS 075M,8.0,,
"{'latitude': '40.594021', 'longitude': '-73.98532', 'human_address': '{""address"": ""2630 BENSON AVENUE"", ""city"": """", ""state"": """", ""zip"": """"}'}",40.594291,-73.98577,,13.0,PAL AUXILARY SERVICES,47.0,21.0,
"{'latitude': '40.750341', 'longitude': '-73.356255', 'human_address': '{""address"": ""100 IRVING AVENUE"", ""city"": """", ""state"": """", ""zip"": """"}'}",40.703767,-73.922702,0.27,4.0,PS 120K,34.0,,0.0
"{'latitude': '39.006943', 'longitude': '-94.585196', 'human_address': '{""address"": ""317 EAST 67 STREET"", ""city"": """", ""state"": """", ""zip"": """"}'}",40.765359,-73.960059,,8.0,Hamilton Heights School,5.0,,
"{'latitude': '40.649522', 'longitude': '-73.958489', 'human_address': '{""address"": ""911 FLATBUSH AVENUE"", ""city"": """", ""state"": """", ""zip"": """"}'}",40.649787,-73.95855,,14.0,JOHN JAY HS,40.0,60.0,
"{'latitude': '40.66937', 'longitude': '-73.879604', 'human_address': '{""address"": ""605 SHEPHERD AVENUE"", ""city"": """", ""state"": """", ""zip"": """"}'}",40.669387,-73.879614,,5.0,IS 071K,42.0,45.0,
"{'latitude': '39.861285', 'longitude': '-75.293179', 'human_address': '{""address"": ""122 AMSTERDAM AVENUE"", ""city"": """", ""state"": """", ""zip"": """"}'}",40.774351,-73.984753,,7.0,FIORELLO LAGUARDIA HS,6.0,,
"{'latitude': '40.660276', 'longitude': '-73.885481', 'human_address': '{""address"": ""800 VAN SICLEN AVE"", ""city"": """", ""state"": """", ""zip"": """"}'}",40.66011,-73.885387,0.38,5.0,IS 166K,42.0,45.0,5.0
"{'latitude': '40.582443', 'longitude': '-73.967408', 'human_address': '{""address"": ""2800 OCEAN PARKWAY"", ""city"": """", ""state"": """", ""zip"": """"}'}",40.581681,-73.967308,0.33,13.0,LAFAYETTE HS,47.0,21.0,4.0
"{'latitude': '40.668621', 'longitude': '-73.904626', 'human_address': '{""address"": ""364 SACKMAN STREET"", ""city"": """", ""state"": """", ""zip"": """"}'}",40.66896,-73.904726,0.28,16.0,P373K BROOKLYN TRANSITION CENTER,41.0,55.0,1.0
"{'latitude': '36.550818', 'longitude': '-89.966374', 'human_address': '{""address"": ""100 HESTER STREET"", ""city"": """", ""state"": """", ""zip"": """"}'}",40.716553,-73.993092,,3.0,P.S.128 MINISCHOOL,1.0,,
"{'latitude': '37.744369', 'longitude': '-100.023909', 'human_address': '{""address"": ""401 WEST 164 STREET"", ""city"": """", ""state"": """", ""zip"": """"}'}",40.836536,-73.937159,0.28,12.0,PS 155M,10.0,,0.0
"{'latitude': '34.10825', 'longitude': '-117.642127', 'human_address': '{""address"": ""660 WEST 236 STREET"", ""city"": """", ""state"": """", ""zip"": """"}'}",40.887111,-73.913697,,8.0,P012X,11.0,,
"{'latitude': '40.686205', 'longitude': '-73.869562', 'human_address': '{""address"": ""528 RIDGEWOOD AVENUE"", ""city"": """", ""state"": """", ""zip"": """"}'}",40.68618,-73.869625,0.38,5.0,PS 169K,37.0,45.0,3.0
"{'latitude': '41.044852', 'longitude': '-73.793828', 'human_address': '{""address"": ""76 RIVERDALE AVENUE"", ""city"": """", ""state"": """", ""zip"": """"}'}",40.660204,-73.913933,0.27,16.0,PS 180K,42.0,,1.0
"{'latitude': '38.533352', 'longitude': '-121.438402', 'human_address': '{""address"": ""5800 20 AVENUE"", ""city"": """", ""state"": """", ""zip"": """"}'}",40.620446,-73.981795,0.57,12.0,SHEEPSHEAD BAY HS,44.0,,9.0
"{'latitude': '38.085385', 'longitude': '-122.230439', 'human_address': '{""address"": ""284 BALTIC STREET"", ""city"": """", ""state"": """", ""zip"": """"}'}",40.685419,-73.993351,0.66,6.0,IS 291K,33.0,,2.0
"{'latitude': '26.777123', 'longitude': '-80.061719', 'human_address': '{""address"": ""351 WEST 18 STREET"", ""city"": """", ""state"": """", ""zip"": """"}'}",40.742867,-74.002136,,4.0,PS 003M,3.0,,
"{'latitude': '40.856669', 'longitude': '-73.897771', 'human_address': '{""address"": ""313 EAST 183RD STREET"", ""city"": """", ""state"": """", ""zip"": """"}'}",40.856723,-73.897885,0.28,5.0,Cornerstone Academy for Social Action,15.0,6.0,3.0
"{'latitude': '40.649522', 'longitude': '-73.958489', 'human_address': '{""address"": ""911 FLATBUSH AVENUE"", ""city"": """", ""state"": """", ""zip"": """"}'}",40.649787,-73.95855,,14.0,JOHN JAY HS,40.0,60.0,
"{'latitude': '40.744652', 'longitude': '-73.726719', 'human_address': '{""address"": ""74 30 COMMONWEALTH BLVD"", ""city"": """", ""state"": """", ""zip"": """"}'}",40.745948,-73.727456,0.27,13.0,JHS 202Q,23.0,63.0,0.0
"{'latitude': '40.859966', 'longitude': '-74.130414', 'human_address': '{""address"": ""40 IRVING PLACE"", ""city"": """", ""state"": """", ""zip"": """"}'}",40.735494,-73.987659,,6.0,SEWARD PARK HS,2.0,,
"{'latitude': '32.923885', 'longitude': '-97.07699', 'human_address': '{""address"": ""215 WEST 114 STREET"", ""city"": """", ""state"": """", ""zip"": """"}'}",40.802207,-73.954142,0.38,10.0,PS 083M,9.0,,1.0
"{'latitude': '48.396198', 'longitude': '-114.337971', 'human_address': '{""address"": ""250 WEST 18 STREET"", ""city"": """", ""state"": """", ""zip"": """"}'}",40.741657,-73.999307,,4.0,HS FOR HUMANITIES,3.0,,
"{'latitude': '40.695502', 'longitude': '-74.151298', 'human_address': '{""address"": ""46 35 OCEANIA STREET"", ""city"": """", ""state"": """", ""zip"": """"}'}",40.756139,-73.772862,,11.0,PS 150Q,19.0,,
"{'latitude': '41.71862', 'longitude': '-73.956572', 'human_address': '{""address"": ""51 CHRISTOPHER AVENUE"", ""city"": """", ""state"": """", ""zip"": """"}'}",40.672462,-73.906552,,16.0,PS 328 Phyllis Wheatley,37.0,,
"{'latitude': '42.881722', 'longitude': '-78.848003', 'human_address': '{""address"": ""226 BRISTOL STREET"", ""city"": """", ""state"": """", ""zip"": """"}'}",40.665878,-73.911705,,16.0,PS 174K,41.0,,
"{'latitude': '29.510513', 'longitude': '-90.331629', 'human_address': '{""address"": ""100 WEST 84 STREET"", ""city"": """", ""state"": """", ""zip"": """"}'}",40.785287,-73.97343,0.28,7.0,PS 005M,6.0,,1.0
"{'latitude': '38.548289', 'longitude': '-121.457458', 'human_address': '{""address"": ""4222 4th Avenue"", ""city"": """", ""state"": """", ""zip"": """"}'}",40.650785,-74.008105,0.64,7.0,PS 328 Phyllis Wheatley,38.0,,1.0
"{'latitude': '40.858564', 'longitude': '-73.887349', 'human_address': '{""address"": ""2502 LORILLARD PLACE"", ""city"": """", ""state"": """", ""zip"": """"}'}",40.859034,-73.886913,,6.0,PS/MS 037X,15.0,35.0,
"{'latitude': '39.751528', 'longitude': '-104.885878', 'human_address': '{""address"": ""8787 24 AVENUE"", ""city"": """", ""state"": """", ""zip"": """"}'}",40.595341,-73.993457,0.24,11.0,,47.0,,0.0
"{'latitude': '40.39373', 'longitude': '-86.884926', 'human_address': '{""address"": ""905 WINTHROP STREET"", ""city"": """", ""state"": """", ""zip"": """"}'}",40.65843,-73.929076,0.57,17.0,PS 226K,41.0,,0.0
"{'latitude': '41.756114', 'longitude': '-124.216226', 'human_address': '{""address"": ""350 GRAND STREET"", ""city"": """", ""state"": """", ""zip"": """"}'}",40.716778,-73.989337,,3.0,,1.0,,
"{'latitude': '42.022116', 'longitude': '-92.257551', 'human_address': '{""address"": ""1225 69 STREET"", ""city"": """", ""state"": """", ""zip"": """"}'}",,,,,PS 174K,,,
"{'latitude': '40.633516', 'longitude': '-73.916477', 'human_address': '{""address"": ""6565 FLATLANDS AVENUE"", ""city"": """", ""state"": """", ""zip"": """"}'}",40.633285,-73.916735,1.13,18.0,SHEEPSHEAD BAY HS,46.0,5.0,6.0
"{'latitude': '40.860074', 'longitude': '-73.906163', 'human_address': '{""address"": ""2280 AQUEDUCT AVENUE"", ""city"": """", ""state"": """", ""zip"": """"}'}",40.859686,-73.906495,,7.0,Cornerstone Academy for Social Action,14.0,24.0,
"{'latitude': '41.009317', 'longitude': '-74.667408', 'human_address': '{""address"": ""80 MAPLE PARKWAY"", ""city"": """", ""state"": """", ""zip"": """"}'}",40.63179,-74.156439,,1.0,IS 034R,49.0,,
"{'latitude': '38.221701', 'longitude': '-85.73224', 'human_address': '{""address"": ""1025 EASTERN PARKWAY"", ""city"": """", ""state"": """", ""zip"": """"}'}",40.669001,-73.934635,,8.0,IS 166K,35.0,,
"{'latitude': '40.591104', 'longitude': '-73.939114', 'human_address': '{""address"": ""2525 HARING STREET"", ""city"": """", ""state"": """", ""zip"": """"}'}",40.591109,-73.9391,0.28,15.0,PS 279K,48.0,32.0,2.0
"{'latitude': '39.682226', 'longitude': '-75.569652', 'human_address': '{""address"": ""74 10 COMMONWEALTH BOULEVARD"", ""city"": """", ""state"": """", ""zip"": """"}'}",40.746231,-73.727614,0.38,13.0,PS 239Q,23.0,,0.0
"{'latitude': '43.541643', 'longitude': '-95.470144', 'human_address': '{""address"": ""185 1 AVENUE"", ""city"": """", ""state"": """", ""zip"": """"}'}",40.729636,-73.983818,,3.0,JHS 013M,2.0,,
"{'latitude': '37.250109', 'longitude': '-77.406116', 'human_address': '{""address"": ""1014 LAFAYETTE AVENUE"", ""city"": """", ""state"": """", ""zip"": """"}'}",40.692126,-73.931731,,3.0,PS 025K,36.0,,
"{'latitude': '41.044852', 'longitude': '-73.793828', 'human_address': '{""address"": ""76 RIVERDALE AVENUE"", ""city"": """", ""state"": """", ""zip"": """"}'}",40.660204,-73.913933,0.38,16.0,PS 180K,42.0,,1.0
"{'latitude': '40.674571', 'longitude': '-74.211358', 'human_address': '{""address"": ""557 PENNSYLVANIA AVENUE"", ""city"": """", ""state"": """", ""zip"": """"}'}",40.663673,-73.893754,,5.0,PS 013K,42.0,,
"{'latitude': '33.125431', 'longitude': '-87.531042', 'human_address': '{""address"": ""421 EAST 88 STREET"", ""city"": """", ""state"": """", ""zip"": """"}'}",40.777911,-73.947757,0.38,8.0,PS 061M,5.0,,1.0
"{'latitude': '40.817928', 'longitude': '-73.911156', 'human_address': '{""address"": ""701 ST ANNS AVENUE"", ""city"": """", ""state"": """", ""zip"": """"}'}",40.81825,-73.91103,0.28,1.0,ADLAI E. STEVENSON HS,17.0,49.0,0.0
"{'latitude': '40.62085', 'longitude': '-74.029749', 'human_address': '{""address"": ""371 89th Street"", ""city"": """", ""state"": """", ""zip"": """"}'}",40.620957,-74.03015,,10.0,IS 259K,43.0,10.0,
"{'latitude': '36.138016', 'longitude': '-95.962752', 'human_address': '{""address"": ""1875 EAST 17 STREET"", ""city"": """", ""state"": """", ""zip"": """"}'}",40.60422,-73.955485,0.27,15.0,IS 232K,48.0,,1.0
"{'latitude': '36.941912', 'longitude': '-84.10411', 'human_address': '{""address"": ""885 BOLTON AVENUE"", ""city"": """", ""state"": """", ""zip"": """"}'}",40.823526,-73.859662,,9.0,MS 123X,18.0,,
"{'latitude': '33.951918', 'longitude': '-118.276016', 'human_address': '{""address"": ""154 WEST 93 STREET"", ""city"": """", ""state"": """", ""zip"": """"}'}",40.791728,-73.970845,,7.0,PS 116M,6.0,,
"{'latitude': '40.633516', 'longitude': '-73.916477', 'human_address': '{""address"": ""6565 FLATLANDS AVENUE"", ""city"": """", ""state"": """", ""zip"": """"}'}",40.633285,-73.916735,,18.0,CANARSIE HS,46.0,5.0,
"{'latitude': '43.16525', 'longitude': '-77.629754', 'human_address': '{""address"": ""121 SARATOGA AVENUE"", ""city"": """", ""state"": """", ""zip"": """"}'}",40.682458,-73.917088,,16.0,PS 135K,41.0,,
"{'latitude': '42.938054', 'longitude': '-78.902013', 'human_address': '{""address"": ""240 EAST 109 STREET"", ""city"": """", ""state"": """", ""zip"": """"}'}",40.79307,-73.942303,,11.0,PS 112M,8.0,,
"{'latitude': '40.698104', 'longitude': '-73.91946', 'human_address': '{""address"": ""1300 GREENE AVENUE"", ""city"": """", ""state"": """", ""zip"": """"}'}",40.697781,-73.919777,,4.0,PS 376K,37.0,42.0,
"{'latitude': '40.061787', 'longitude': '-85.676818', 'human_address': '{""address"": ""133 EAST 53 STREET"", ""city"": """", ""state"": """", ""zip"": """"}'}",40.657131,-73.928018,0.27,17.0,MS 323K,41.0,,1.0
"{'latitude': '32.501673', 'longitude': '-84.964833', 'human_address': '{""address"": ""4001 18 AVENUE"", ""city"": """", ""state"": """", ""zip"": """"}'}",40.63228,-73.973898,0.57,14.0,SOUTH BROOKLYN COMMUNITY HS,44.0,,0.0
"{'latitude': '28.010919', 'longitude': '-80.660106', 'human_address': '{""address"": ""549 AUDUBON AVENUE"", ""city"": """", ""state"": """", ""zip"": """"}'}",40.855954,-73.927051,,12.0,WASHINGTON IRVING HS,10.0,,
"{'latitude': '40.724557', 'longitude': '-73.809394', 'human_address': '{""address"": ""158 40 76 ROAD"", ""city"": """", ""state"": """", ""zip"": """"}'}",40.724458,-73.810216,0.28,8.0,MS 158Q,24.0,25.0,2.0
"{'latitude': '40.663934', 'longitude': '-73.92737', 'human_address': '{""address"": ""60 EAST 94 STREET"", ""city"": """", ""state"": """", ""zip"": """"}'}",40.663559,-73.926959,0.24,17.0,MS 391K,41.0,61.0,0.0
"{'latitude': '40.694887', 'longitude': '-73.927855', 'human_address': '{""address"": ""797 BUSHWICK AVENUE"", ""city"": """", ""state"": """", ""zip"": """"}'}",40.695056,-73.92814,0.27,4.0,PS 295K,34.0,42.0,0.0
"{'latitude': '40.743357', 'longitude': '-73.870547', 'human_address': '{""address"": ""45 10 94TH STREET"", ""city"": """", ""state"": """", ""zip"": """"}'}",40.74373,-73.870642,,4.0,John F. Kennedy Jr. School (old OTC 721Q),25.0,66.0,
"{'latitude': '40.658787', 'longitude': '-73.942431', 'human_address': '{""address"": ""600 KINGSTON AVENUE"", ""city"": """", ""state"": """", ""zip"": """"}'}",40.658893,-73.942458,,9.0,ERASMUS HALL HS,40.0,17.0,
"{'latitude': '38.536345', 'longitude': '-98.433792', 'human_address': '{""address"": ""350 AVENUE"", ""city"": """", ""state"": """", ""zip"": """"}'}",40.590564,-73.969964,0.38,15.0,IS 211K,47.0,,0.0
"{'latitude': '28.02392', 'longitude': '-81.72836', 'human_address': '{""address"": ""199 10 112 AVENUE"", ""city"": """", ""state"": """", ""zip"": """"}'}",40.702514,-73.756595,0.27,12.0,Civic Leadership Academy,27.0,,0.0
"{'latitude': '40.770522', 'longitude': '-73.951072', 'human_address': '{""address"": ""1458 YORK AVENUE"", ""city"": """", ""state"": """", ""zip"": """"}'}",40.770419,-73.951135,,8.0,PS 153M,5.0,23.0,
"{'latitude': '29.788885', 'longitude': '-95.406151', 'human_address': '{""address"": ""1001 HERKIMER STREET"", ""city"": """", ""state"": """", ""zip"": """"}'}",40.678049,-73.92032,0.24,3.0,PS 027K,41.0,,0.0
"{'latitude': '40.785816', 'longitude': '-77.820381', 'human_address': '{""address"": ""189 10 RADNOR ROAD"", ""city"": """", ""state"": """", ""zip"": """"}'}",40.724479,-73.777454,0.38,8.0,PS 169Q,23.0,,0.0
"{'latitude': '35.82187', 'longitude': '-79.81864', 'human_address': '{""address"": ""650 ACADEMY STREET"", ""city"": """", ""state"": """", ""zip"": """"}'}",40.866053,-73.924835,,12.0,JHS 047M SCHOOL FOR THE DEAF,10.0,,
"{'latitude': '40.64916', 'longitude': '-73.971731', 'human_address': '{""address"": ""350 CONEY ISLAND AVENUE"", ""city"": """", ""state"": """", ""zip"": """"}'}",40.649404,-73.971736,0.38,7.0,PS 077K,39.0,9.0,2.0
"{'latitude': '42.509533', 'longitude': '-95.412355', 'human_address': '{""address"": ""100 NOLL STREET"", ""city"": """", ""state"": """", ""zip"": """"}'}",40.701692,-73.932338,,4.0,PS 139K,34.0,,
"{'latitude': '41.044852', 'longitude': '-73.793828', 'human_address': '{""address"": ""76 RIVERDALE AVENUE"", ""city"": """", ""state"": """", ""zip"": """"}'}",40.660204,-73.913933,,16.0,PS 180K,42.0,,
"{'latitude': '39.972049', 'longitude': '-80.757838', 'human_address': '{""address"": ""521 WEST 43RD STREET"", ""city"": """", ""state"": """", ""zip"": """"}'}",40.760851,-73.99626,0.27,4.0,LEGACY SCHOOL FOR INTEGRATED STUDIES,3.0,,0.0
"{'latitude': '34.172136', 'longitude': '-118.447355', 'human_address': '{""address"": ""5404 TILDEN AVENUE"", ""city"": """", ""state"": """", ""zip"": """"}'}",40.648423,-73.925948,,17.0,JHS 239K,45.0,,
"{'latitude': '39.033537', 'longitude': '-96.830213', 'human_address': '{""address"": ""116 WEST 11 STREET"", ""city"": """", ""state"": """", ""zip"": """"}'}",40.735692,-73.999026,0.57,2.0,PS 030M,3.0,,0.0
"{'latitude': '40.60773', 'longitude': '-73.98301', 'human_address': '{""address"": ""130 02 115 AVENUE"", ""city"": """", ""state"": """", ""zip"": """"}'}",40.67956,-73.8106,0.57,10.0,PS 146Q,28.0,1.0,0.0
"{'latitude': '41.986541', 'longitude': '-87.8328', 'human_address': '{""address"": ""1919 PROSPECT AVENUE"", ""city"": """", ""state"": """", ""zip"": """"}'}",40.843546,-73.889755,0.38,6.0,IS 203X,17.0,,8.0
"{'latitude': '40.951427', 'longitude': '-73.690991', 'human_address': '{""address"": ""125 STUYVESANT AVENUE"", ""city"": """", ""state"": """", ""zip"": """"}'}",40.691274,-73.933697,,3.0,PS 056K,36.0,,
"{'latitude': '29.791239', 'longitude': '-95.406189', 'human_address': '{""address"": ""1137 HERKIMER STREET"", ""city"": """", ""state"": """", ""zip"": """"}'}",40.677805,-73.915843,0.57,16.0,PS 269K,41.0,,3.0
"{'latitude': '40.841311', 'longitude': '-74.26959', 'human_address': '{""address"": ""66 56 FOREST AVENUE"", ""city"": """", ""state"": """", ""zip"": """"}'}",40.706041,-73.902584,0.9,5.0,PS 082Q,30.0,,0.0
"{'latitude': '40.718884', 'longitude': '-73.806231', 'human_address': '{""address"": ""160 20 GOETHALS AVENUE"", ""city"": """", ""state"": """", ""zip"": """"}'}",40.718831,-73.806499,,8.0,JAMAICA LEARNING CENTER,24.0,25.0,
"{'latitude': '39.319874', 'longitude': '-77.650343', 'human_address': '{""address"": ""501 WEST AVENUE"", ""city"": """", ""state"": """", ""zip"": """"}'}",40.5825,-73.973122,,13.0,PS 298K,47.0,,
"{'latitude': '35.885188', 'longitude': '-80.087586', 'human_address': '{""address"": ""198 FORSYTH STREET"", ""city"": """", ""state"": """", ""zip"": """"}'}",40.72252,-73.990728,0.27,3.0,PARK EAST HS,1.0,,4.0
"{'latitude': '40.791882', 'longitude': '-73.946541', 'human_address': '{""address"": ""1680 LEXINGTON AVENUE"", ""city"": """", ""state"": """", ""zip"": """"}'}",40.791881,-73.946558,0.57,11.0,JHS 099M,8.0,7.0,4.0
"{'latitude': '39.861285', 'longitude': '-75.293179', 'human_address': '{""address"": ""122 AMSTERDAM AVENUE"", ""city"": """", ""state"": """", ""zip"": """"}'}",40.774351,-73.984753,1.69,7.0,JULIA RICHMAN ED. COMPLEX,6.0,,2.0
"{'latitude': '40.715715', 'longitude': '-73.843813', 'human_address': '{""address"": ""2 RUSSELL PLACE"", ""city"": """", ""state"": """", ""zip"": """"}'}",40.715585,-73.843898,0.24,6.0,PS 091Q,29.0,40.0,0.0
"{'latitude': '40.588152', 'longitude': '-73.702658', 'human_address': '{""address"": ""130 ROCHESTER AVENUE"", ""city"": """", ""state"": """", ""zip"": """"}'}",40.674656,-73.927794,0.27,8.0,PS 329K,36.0,,0.0
"{'latitude': '37.010915', 'longitude': '-86.446631', 'human_address': '{""address"": ""411 PEARL STREET"", ""city"": """", ""state"": """", ""zip"": """"}'}",40.711442,-74.000851,,1.0,CHOIR ACADEMY,1.0,,
"{'latitude': '40.712241', 'longitude': '-73.939494', 'human_address': '{""address"": ""850 GRAND STREET"", ""city"": """", ""state"": """", ""zip"": """"}'}",40.712184,-73.939722,1.13,1.0,PROSPECT HEIGHTS HS,34.0,36.0,3.0
"{'latitude': '28.010919', 'longitude': '-80.660106', 'human_address': '{""address"": ""549 AUDUBON AVENUE"", ""city"": """", ""state"": """", ""zip"": """"}'}",40.855954,-73.927051,,12.0,SEWARD PARK HS,10.0,,
"{'latitude': '40.702205', 'longitude': '-73.819955', 'human_address': '{""address"": ""132 10 JAMAICA AVENUE"", ""city"": """", ""state"": """", ""zip"": """"}'}",40.702156,-73.820209,0.27,9.0,PS 048Q,29.0,46.0,0.0
"{'latitude': '40.761958', 'longitude': '-73.914359', 'human_address': '{""address"": ""30 45 42 STREET"", ""city"": """", ""state"": """", ""zip"": """"}'}",40.762103,-73.914227,0.38,1.0,PS 060Q,22.0,39.0,0.0
"{'latitude': '43.462658', 'longitude': '-88.843669', 'human_address': '{""address"": ""625 WEST 133 STREET"", ""city"": """", ""state"": """", ""zip"": """"}'}",40.819572,-73.957823,,9.0,PS 191M,7.0,,
"{'latitude': '40.649522', 'longitude': '-73.958489', 'human_address': '{""address"": ""911 FLATBUSH AVENUE"", ""city"": """", ""state"": """", ""zip"": """"}'}",40.649787,-73.95855,,14.0,JOHN JAY HS,40.0,60.0,
"{'latitude': '41.756114', 'longitude': '-124.216226', 'human_address': '{""address"": ""350 GRAND STREET"", ""city"": """", ""state"": """", ""zip"": """"}'}",40.716778,-73.989337,,3.0,HS FOR HUMANITIES,1.0,,
"{'latitude': '41.943484', 'longitude': '-73.997471', 'human_address': '{""address"": ""532 ALBANY AVENUE"", ""city"": """", ""state"": """", ""zip"": """"}'}",40.661886,-73.93994,0.27,9.0,PS 090K,41.0,,1.0
"{'latitude': '27.749639', 'longitude': '-82.75358', 'human_address': '{""address"": ""170 45 84 AVENUE"", ""city"": """", ""state"": """", ""zip"": """"}'}",40.716617,-73.794637,0.64,8.0,PS 121Q,24.0,,2.0
"{'latitude': '40.639357', 'longitude': '-74.020072', 'human_address': '{""address"": ""6214 4TH AVENUE"", ""city"": """", ""state"": """", ""zip"": """"}'}",40.639571,-74.01976,0.24,7.0,Brownsville Academy,38.0,9.0,0.0
"{'latitude': '42.661733', 'longitude': '-89.013115', 'human_address': '{""address"": ""1328 PUTNAM AVENUE"", ""city"": """", ""state"": """", ""zip"": """"}'}",40.693879,-73.913056,0.27,4.0,PS 105K,37.0,,1.0
"{'latitude': '40.697677', 'longitude': '-73.916362', 'human_address': '{""address"": ""515 KNICKERBOCKER AVENUE"", ""city"": """", ""state"": """", ""zip"": """"}'}",40.697779,-73.916521,0.27,4.0,PS 115K,37.0,42.0,1.0
"{'latitude': '40.686205', 'longitude': '-73.869562', 'human_address': '{""address"": ""528 RIDGEWOOD AVENUE"", ""city"": """", ""state"": """", ""zip"": """"}'}",40.68618,-73.869625,0.57,5.0,PS 167K,37.0,45.0,0.0
"{'latitude': '40.604754', 'longitude': '-73.995376', 'human_address': '{""address"": ""2075 84 STREET"", ""city"": """", ""state"": """", ""zip"": """"}'}",,,0.28,,JHS 126K,,1.0,0.0
"{'latitude': '40.701328', 'longitude': '-73.981737', 'human_address': '{""address"": ""209 YORK STREET"", ""city"": """", ""state"": """", ""zip"": """"}'}",40.701343,-73.982314,0.27,2.0,PS 304K,33.0,68.0,0.0
"{'latitude': '40.669572', 'longitude': '-73.961978', 'human_address': '{""address"": ""901 CLASSON AVENUE"", ""city"": """", ""state"": """", ""zip"": """"}'}",40.669567,-73.961962,0.64,9.0,Sunset Park HS,35.0,17.0,6.0
"{'latitude': '42.343103', 'longitude': '-83.085748', 'human_address': '{""address"": ""4200 16 AVENUE"", ""city"": """", ""state"": """", ""zip"": """"}'}",40.634875,-73.981528,0.38,12.0,IS 218K,44.0,,0.0
"{'latitude': '26.777123', 'longitude': '-80.061719', 'human_address': '{""address"": ""351 WEST 18 STREET"", ""city"": """", ""state"": """", ""zip"": """"}'}",40.742867,-74.002136,,4.0,,3.0,,
"{'latitude': '41.889272', 'longitude': '-84.042283', 'human_address': '{""address"": ""713 CATON AVENUE"", ""city"": """", ""state"": """", ""zip"": """"}'}",40.64759,-73.973362,0.64,7.0,Spring Creek Community School,39.0,,8.0
"{'latitude': '40.694593', 'longitude': '-73.971146', 'human_address': '{""address"": ""100 CLERMONT AVENUE"", ""city"": """", ""state"": """", ""zip"": """"}'}",40.694633,-73.971165,,2.0,PS 045K,35.0,68.0,
"{'latitude': '42.232949', 'longitude': '-71.704608', 'human_address': '{""address"": ""19 EAST 103 STREET"", ""city"": """", ""state"": """", ""zip"": """"}'}",40.792122,-73.951961,0.27,11.0,PS 165M,8.0,,3.0
"{'latitude': '43.474466', 'longitude': '-85.953004', 'human_address': '{""address"": ""525 WEST 44TH STREET"", ""city"": """", ""state"": """", ""zip"": """"}'}",40.761479,-73.995823,,4.0,PS/MS 217M,3.0,,
"{'latitude': '35.269246', 'longitude': '-80.420034', 'human_address': '{""address"": ""285 DELANCY STREET"", ""city"": """", ""state"": """", ""zip"": """"}'}",40.715915,-73.979893,0.28,3.0,JHS 099M,1.0,,3.0
"{'latitude': '39.798783', 'longitude': '-75.248275', 'human_address': '{""address"": ""430 HOWARD AVENUE"", ""city"": """", ""state"": """", ""zip"": """"}'}",40.673073,-73.919594,,16.0,PS 012K,41.0,,
"{'latitude': '42.280056', 'longitude': '-71.13141', 'human_address': '{""address"": ""91 30 METROPOLITAN AVENUE"", ""city"": """", ""state"": """", ""zip"": """"}'}",40.711367,-73.856698,0.57,6.0,Frank Sinatra School of The Arts HS,29.0,,1.0
"{'latitude': '28.010919', 'longitude': '-80.660106', 'human_address': '{""address"": ""549 AUDUBON AVENUE"", ""city"": """", ""state"": """", ""zip"": """"}'}",40.855954,-73.927051,,12.0,WASHINGTON IRVING HS,10.0,,
"{'latitude': '40.809311', 'longitude': '-75.597174', 'human_address': '{""address"": ""787 LAFAYETTE AVENUE"", ""city"": """", ""state"": """", ""zip"": """"}'}",40.691037,-73.941342,0.24,3.0,PS 024K,36.0,,0.0
"{'latitude': '40.663934', 'longitude': '-73.92737', 'human_address': '{""address"": ""60 EAST 94 STREET"", ""city"": """", ""state"": """", ""zip"": """"}'}",40.663559,-73.926959,,17.0,MS 391K,41.0,61.0,
"{'latitude': '32.256999', 'longitude': '-101.442835', 'human_address': '{""address"": ""850 KENT AVENUE"", ""city"": """", ""state"": """", ""zip"": """"}'}",40.695417,-73.959571,0.27,3.0,PS 154K,33.0,,1.0
"{'latitude': '39.006943', 'longitude': '-94.585196', 'human_address': '{""address"": ""317 EAST 67 STREET"", ""city"": """", ""state"": """", ""zip"": """"}'}",40.765359,-73.960059,1.69,8.0,LOUIS D. BRANDEIS HS,5.0,,7.0
"{'latitude': '39.756435', 'longitude': '-94.872733', 'human_address': '{""address"": ""301 VERMONT STREET"", ""city"": """", ""state"": """", ""zip"": """"}'}",40.671987,-73.893896,,5.0,PS 287K,42.0,,
"{'latitude': '40.67265', 'longitude': '-73.927974', 'human_address': '{""address"": ""188 ROCHESTER AVENUE"", ""city"": """", ""state"": """", ""zip"": """"}'}",40.672762,-73.927973,,8.0,PS/IS 206K,36.0,16.0,
"{'latitude': '41.986541', 'longitude': '-87.8328', 'human_address': '{""address"": ""1919 PROSPECT AVENUE"", ""city"": """", ""state"": """", ""zip"": """"}'}",40.843546,-73.889755,,6.0,IS 203X,17.0,,
"{'latitude': '39.861285', 'longitude': '-75.293179', 'human_address': '{""address"": ""122 AMSTERDAM AVENUE"", ""city"": """", ""state"": """", ""zip"": """"}'}",40.774351,-73.984753,,7.0,JULIA RICHMAN ED. COMPLEX,6.0,,
"{'latitude': '40.785467', 'longitude': '-73.942065', 'human_address': '{""address"": ""410 EAST 100 STREET"", ""city"": """", ""state"": """", ""zip"": """"}'}",40.785671,-73.942548,,11.0,PS 092M,8.0,7.0,
"{'latitude': '26.577028', 'longitude': '-80.060039', 'human_address': '{""address"": ""1001 JENNINGS STREET"", ""city"": """", ""state"": """", ""zip"": """"}'}",40.831165,-73.887094,0.27,3.0,PS 060X,17.0,,1.0
"{'latitude': '32.358886', 'longitude': '-89.651563', 'human_address': '{""address"": ""71 SULLIVAN STREET"", ""city"": """", ""state"": """", ""zip"": """"}'}",40.677343,-74.011558,0.27,6.0,PS 015K,38.0,,0.0
"{'latitude': '34.66558', 'longitude': '-106.789183', 'human_address': '{""address"": ""1664 BENSON AVENUE"", ""city"": """", ""state"": """", ""zip"": """"}'}",40.607234,-74.007199,0.27,11.0,PS 161K,43.0,,0.0
"{'latitude': '40.637683', 'longitude': '-73.948179', 'human_address': '{""address"": ""1957 NOSTRAND AVENUE"", ""city"": """", ""state"": """", ""zip"": """"}'}",40.637711,-73.948159,0.27,17.0,MS 323K,45.0,60.0,0.0
"{'latitude': '40.661758', 'longitude': '-74.332539', 'human_address': '{""address"": ""900 ST MARKS AVENUE"", ""city"": """", ""state"": """", ""zip"": """"}'}",40.674794,-73.942639,0.28,8.0,PS 284K,36.0,,1.0
"{'latitude': '58.300349', 'longitude': '-134.411862', 'human_address': '{""address"": ""300 WILLOUGHBY AVENUE"", ""city"": """", ""state"": """", ""zip"": """"}'}",40.692642,-73.958794,,3.0,PS 116K,33.0,,
"{'latitude': '40.656403', 'longitude': '-73.907346', 'human_address': '{""address"": ""985 ROCKAWAY AVENUE"", ""city"": """", ""state"": """", ""zip"": """"}'}",40.656068,-73.907245,0.64,16.0,IS 271K,42.0,55.0,3.0
"{'latitude': '34.8215', 'longitude': '-118.268509', 'human_address': '{""address"": ""100 WEST 77 STREET"", ""city"": """", ""state"": """", ""zip"": """"}'}",40.780822,-73.976855,,7.0,JHS 172M,6.0,,
"{'latitude': '42.758357', 'longitude': '-73.677982', 'human_address': '{""address"": ""180 7 AVENUE"", ""city"": """", ""state"": """", ""zip"": """"}'}",40.67146,-73.977783,0.28,6.0,PS 316K,39.0,,3.0
"{'latitude': '41.506625', 'longitude': '-81.676405', 'human_address': '{""address"": ""1599 EAST 22 STREET"", ""city"": """", ""state"": """", ""zip"": """"}'}",40.612623,-73.951906,,14.0,PS 195K,48.0,,
"{'latitude': '33.87938', 'longitude': '-98.533097', 'human_address': '{""address"": ""3117 AVENUE W"", ""city"": """", ""state"": """", ""zip"": """"}'}",40.596757,-73.933499,0.38,15.0,PS 190K,46.0,,0.0
"{'human_address': '{""address"": ""1010 REV J A POLITE AVENUE"", ""city"": """", ""state"": """", ""zip"": """"}'}",40.823532,-73.898872,,2.0,PS/MS 306X,17.0,,
"{'latitude': '42.032548', 'longitude': '-71.192675', 'human_address': '{""address"": ""560 EAST 179 STREET"", ""city"": """", ""state"": """", ""zip"": """"}'}",40.8486,-73.893654,0.57,6.0,IS 192X,15.0,,1.0
"{'latitude': '40.807968', 'longitude': '-74.227247', 'human_address': '{""address"": ""170 GATES AVENUE"", ""city"": """", ""state"": """", ""zip"": """"}'}",40.68505,-73.960659,,2.0,IS 055K,35.0,,
"{'latitude': '42.515383', 'longitude': '-96.414953', 'human_address': '{""address"": ""225 WEST 24 STREET"", ""city"": """", ""state"": """", ""zip"": """"}'}",40.745156,-73.996074,,4.0,MURRY BERGTRAUM HS,3.0,,
