license_number,vehicle_safety_technology_used,serving_areas,borough,percent_hybrid_alt_fuel_vehicles,_24_hours,:@computed_region_yeji_bk3q,green_taxi_service,hosted_vision_zero_training,top_vehicle_models_2,year_base_opened,website,base_name,location-_2015_honor_roll_drivers
B02715,No,New York City,MANHATTAN,8.0,Not Reported,4.0,No,Yes,Toyota Avalon,2013.0,,,"{'latitude': '40.752365', 'longitude': '-73.9885'}-0.0"
B00325,No,New York City,QUEENS   ,6.0,Not Reported,3.0,No,Yes,Toyota Camry,1997.0,,,"{'latitude': '40.762236', 'longitude': '-73.87128'}-0.0"
B00278,No,New York City,BROOKLYN ,0.0,Not Reported,2.0,No,Yes,Lincoln Town Car,1997.0,,,"{'latitude': '40.676416', 'longitude': '-73.984273'}-1.0"
B01667,No,New York City,QUEENS   ,3.0,Not Reported,3.0,No,Yes,Lincoln Town Car,1997.0,,,"{'latitude': '40.770532', 'longitude': '-73.836442'}-1.0"
B02724,No,New York City,,0.0,Yes,,No,No,Chevrolet Tahoe,2014.0,,(PRIME TIME GLOBAL),"{'latitude': '41.046382', 'longitude': '-73.56163'}-0.0"
B02816,No,New York City,BRONX    ,25.0,Not Reported,5.0,Yes,No,Toyota Camry,2014.0,,,"{'latitude': '40.843784', 'longitude': '-73.845129'}-0.0"
B00078,Yes,New York City,BRONX    ,0.0,Not Reported,5.0,No,No,Chevrolet Tahoe,1986.0,,,"{'latitude': '40.803251', 'longitude': '-73.90843'}-0.0"
B02747,No,New York City,BROOKLYN ,0.0,Not Reported,2.0,No,Yes,Toyota Sienna,2014.0,,,"{'latitude': '40.681771', 'longitude': '-73.98047'}-0.0"
B01663,No,New York City,QUEENS   ,5.0,Not Reported,3.0,Yes,Yes,Toyota Camry,1998.0,,,"{'latitude': '40.752202', 'longitude': '-73.85365'}-0.0"
B01875,No,New York City,BRONX    ,25.0,Not Reported,5.0,No,No,Toyota Avalon,2000.0,,,"{'latitude': '40.8153', 'longitude': '-73.929004'}-1.0"
B02855,No,New York City,BROOKLYN ,0.0,Not Reported,2.0,No,No,Chevrolet Impala,2015.0,,,"{'latitude': '40.641619', 'longitude': '-73.96416'}-0.0"
B01821,No,New York City,BROOKLYN ,6.0,Not Reported,2.0,Yes,No,Dodge Caravan,1998.0,,,"{'latitude': '40.594949', 'longitude': '-73.956043'}-0.0"
B02229,No,New York City,BRONX    ,5.0,Not Reported,5.0,No,No,Lincoln Town Car,2007.0,,(ELEGANTE),"{'latitude': '40.816803', 'longitude': '-73.862557'}-0.0"
B00375,No,New York City,BRONX    ,17.0,Not Reported,5.0,Yes,Yes,Honda Accord,1997.0,,,"{'latitude': '40.844708', 'longitude': '-73.90983'}-0.0"
B01282,No,New York City,BROOKLYN ,7.0,Not Reported,2.0,No,No,Lincoln Town Car,1997.0,,,"{'latitude': '40.664829', 'longitude': '-73.886868'}-3.0"
B02501,No,New York City,,0.0,Not Reported,,No,No,Lincoln MKT,1983.0,,(MY LIMOUSINE SERVICE),"{'latitude': '40.806649', 'longitude': '-74.373535'}-0.0"
B02180,Yes,New York City,,0.0,Not Reported,,No,No,Mercedes-Benz Sprinter,1994.0,,,"{'latitude': '40.823619', 'longitude': '-74.056919'}-0.0"
B02871,Yes,New York City,MANHATTAN,27.0,Yes,4.0,No,No,Honda Accord,2015.0,,(ACHT),"{'latitude': '40.75242', 'longitude': '-74.00622'}-0.0"
B01800,Yes,New York City,,0.0,Not Reported,,No,No,Cadillac Escalade,1999.0,,(EMPIRE INTERNATIONAL),"{'latitude': '40.78084', 'longitude': '-74.080302'}-0.0"
B02796,No,New York City,QUEENS   ,4.0,Not Reported,3.0,No,Yes,Cadillac XTS,2014.0,,,"{'latitude': '40.76451', 'longitude': '-73.905073'}-0.0"
B02480,No,New York City,QUEENS   ,6.0,Not Reported,3.0,No,Yes,Chevrolet Suburban,2011.0,,,"{'latitude': '40.763637', 'longitude': '-73.904449'}-1.0"
B02651,No,New York City,BROOKLYN ,37.0,Not Reported,2.0,Yes,Yes,Ford Escape,2013.0,,,"{'latitude': '40.638931', 'longitude': '-73.982954'}-0.0"
B01626,No,New York City,QUEENS   ,4.0,Not Reported,3.0,No,No,Toyota Sienna,1996.0,,,"{'latitude': '40.706245', 'longitude': '-73.80929'}-0.0"
B01177,No,Staten Island and nearby locations,STATEN IS,0.0,Not Reported,1.0,No,No,Toyota Camry,2009.0,,(AA PDQ CAR & LIMO SERVICE),"{'latitude': '40.566361', 'longitude': '-74.10189'}-0.0"
B00029,No,New York City,BRONX    ,5.0,Not Reported,5.0,No,No,Mercury Grand Marquis,1997.0,,,"{'latitude': '40.871273', 'longitude': '-73.847835'}-0.0"
B01315,No,New York City,BRONX    ,14.0,Not Reported,5.0,Yes,No,Lincoln Town Car,1998.0,,,"{'latitude': '40.837752', 'longitude': '-73.86334'}-2.0"
B01989,No,New York City,MANHATTAN,0.0,Not Reported,4.0,No,No,Mercedes-Benz Sprinter,2002.0,,,"{'latitude': '40.747641', 'longitude': '-73.981929'}-0.0"
B01010,No,New York City,BROOKLYN ,36.0,Not Reported,2.0,Yes,No,Ford Escape,1997.0,,(COLUMBIA STREET CAR SERVICE),"{'latitude': '40.677492', 'longitude': '-74.006165'}-0.0"
B02852,No,New York City,QUEENS   ,10.0,Not Reported,3.0,No,No,Toyota Sienna,2015.0,,,"{'latitude': '40.680275', 'longitude': '-73.848047'}-0.0"
B01406,No,New York City,BROOKLYN ,0.0,Not Reported,2.0,No,No,Toyota Avalon,1997.0,,(LEGEND CAR SERVICE),"{'latitude': '40.681771', 'longitude': '-73.98047'}-0.0"
B00412,No,New York City,BROOKLYN ,18.0,Not Reported,2.0,No,Yes,Toyota Avalon,1985.0,{'url': 'http://WWW.NYC2WAY.COM'},(NYC TWO WAY ),"{'latitude': '40.678782', 'longitude': '-73.98998'}-0.0"
B00160,No,New York City,BROOKLYN ,0.0,Not Reported,2.0,No,No,Lincoln Town Car,1999.0,,,"{'latitude': '40.608102', 'longitude': '-73.95738'}-0.0"
B01268,No,New York City,STATEN IS,0.0,Not Reported,1.0,No,No,Dodge Caravan,1997.0,,(CLOVE LAKE CARS),"{'latitude': '40.617782', 'longitude': '-74.101897'}-0.0"
B01318,Yes,Lower Manhattan,MANHATTAN,1.0,Not Reported,4.0,No,No,Toyota Sienna,1994.0,,,"{'latitude': '40.726235', 'longitude': '-73.977574'}-0.0"
B00941,No,New York City,QUEENS   ,0.0,Not Reported,3.0,No,Yes,Ford Crown Victoria,1997.0,,,"{'latitude': '40.69682', 'longitude': '-73.74364'}-0.0"
B00008,No,New York City,QUEENS   ,0.0,Not Reported,3.0,Yes,No,Chrysler Town and Country,1997.0,,(FOUR ONES CAR SERVICE),"{'latitude': '40.70681', 'longitude': '-73.87768'}-0.0"
B00492,No,The Bronx,BRONX    ,0.0,Not Reported,5.0,No,No,Toyota Camry,1999.0,,,"{'latitude': '40.898142', 'longitude': '-73.854019'}-0.0"
B02712,No,New York City,BROOKLYN ,12.0,Not Reported,2.0,No,No,,2013.0,,,"{'latitude': '40.612302', 'longitude': '-73.963221'}-0.0"
B00855,Yes,The Rockaways,QUEENS   ,10.0,Not Reported,3.0,No,No,Lincoln Town Car,1967.0,,,"{'latitude': '40.603497', 'longitude': '-73.75385'}-0.0"
B02410,No,New York City & the Tri-State Area,MANHATTAN,5.0,Not Reported,4.0,No,Yes,Lincoln Town Car,2010.0,{'url': 'http://www.pololimo.com'},,"{'latitude': '40.778792', 'longitude': '-73.949371'}-0.0"
B00054,No,New York City,QUEENS   ,34.0,Not Reported,3.0,No,No,Lincoln Town Car,1997.0,,(LATCH CAR SERVICE),"{'latitude': '40.683921', 'longitude': '-73.813971'}-0.0"
B00789,No,New York City,QUEENS   ,10.0,Not Reported,3.0,No,No,Toyota Highlander,1983.0,,,"{'latitude': '40.746697', 'longitude': '-73.926818'}-1.0"
B02597,No,New York City,,0.0,Not Reported,,No,No,Chevrolet Suburban,2012.0,,(RUDY'S EXECUTIVE TRANSPORTATION),"{'latitude': '41.022593', 'longitude': '-73.619392'}-0.0"
B00837,No,New York City,QUEENS   ,0.0,Not Reported,3.0,No,No,Cadillac Escalade,2000.0,,,"{'latitude': '40.740878', 'longitude': '-73.942043'}-0.0"
B00084,No,New York City,QUEENS   ,0.0,Not Reported,3.0,No,Yes,Chevrolet Suburban,1997.0,,,"{'latitude': '40.736268', 'longitude': '-73.916901'}-0.0"
B01081,No,New York City,BROOKLYN ,7.0,Not Reported,2.0,Yes,No,Chrysler Town and Country,1997.0,,,"{'latitude': '40.648318', 'longitude': '-73.89232'}-0.0"
B02080,No,New York City,BROOKLYN ,0.0,Not Reported,2.0,No,No,Toyota Sienna,2004.0,,(4 U LUXURY CAR SERVICE),"{'latitude': '40.703715', 'longitude': '-73.927365'}-0.0"
B02865,Yes,New York City,MANHATTAN,5.0,Yes,4.0,No,No,Toyota Highlander,2015.0,,(VIER),"{'latitude': '40.75273', 'longitude': '-74.006408'}-0.0"
B01912,No,New York City,,0.0,Not Reported,,No,No,Toyota Camry,2000.0,,,"{'latitude': '40.82848', 'longitude': '-73.394994'}-0.0"
B02824,No,New York City,BROOKLYN ,10.0,Not Reported,2.0,No,No,Hyundai Sonata,2015.0,,,"{'latitude': '40.605445', 'longitude': '-74.008379'}-0.0"
B0185 4,No,New York City,,0.0,Not Reported,,No,No,Chevrolet Suburban,1999.0,,,"{'latitude': '40.922042', 'longitude': '-74.069773'}-0.0"
B02525,No,New York City,QUEENS   ,0.0,Not Reported,3.0,No,No,Ford Expedition,2012.0,,,"{'latitude': '40.740521', 'longitude': '-73.94747'}-0.0"
B02590,No,New York City,BROOKLYN ,0.0,Not Reported,2.0,No,No,Cadillac Escalade,2012.0,,,"{'latitude': '40.680577', 'longitude': '-74.00932'}-0.0"
B00305,No,New York City,BRONX    ,6.0,Not Reported,5.0,No,No,Ford Focus,1997.0,,,"{'latitude': '40.843558', 'longitude': '-73.856319'}-0.0"
B01569,No,New York City,QUEENS   ,0.0,Not Reported,3.0,Yes,No,Ford Crown Victoria,1997.0,,(JAMAICA EXPRESS #2 CAR SERVICE),"{'latitude': '40.690245', 'longitude': '-73.824027'}-0.0"
B01644,Yes,New York City,,1.0,Not Reported,,No,No,Lincoln Navigator,1996.0,{'url': 'http://www.musicexpress.com'},,"{'latitude': '40.901484', 'longitude': '-74.115919'}-0.0"
B02634,No,New York City,,20.0,Not Reported,5.0,No,No,Lincoln Town Car,2013.0,,,"{'latitude': '40.86927', 'longitude': '-73.90281'}-1.0"
B02681,No,New York City,QUEENS   ,17.0,Not Reported,3.0,No,Yes,Toyota Prius,2013.0,,,"{'latitude': '40.739787', 'longitude': '-73.863455'}-0.0"
B02408,No,New York City,QUEENS   ,4.0,Not Reported,3.0,No,Yes,Lincoln Town Car,2010.0,,,"{'latitude': '40.758334', 'longitude': '-73.92795'}-1.0"
B02890,No,New York City,BROOKLYN ,0.0,Not Reported,2.0,No,No,Ford E350,2015.0,,,"{'latitude': '40.695191', 'longitude': '-73.93237'}-0.0"
B02878,Yes,New York City,MANHATTAN,13.0,Yes,4.0,No,No,Toyota Highlander,2015.0,,(ELF),"{'latitude': '40.75273', 'longitude': '-74.00641'}-0.0"
B01362,Yes,Manhattan & the Bronx,BRONX    ,9.0,Not Reported,5.0,Yes,Yes,Lincoln Town Car,1994.0,,,"{'latitude': '40.814476', 'longitude': '-73.914387'}-2.0"
B01714,No,New York City,BROOKLYN ,0.0,Not Reported,2.0,No,Yes,Ford Crown Victoria,1997.0,,,"{'latitude': '40.663967', 'longitude': '-73.944671'}-1.0"
B01 976,No,New York City,QUEENS   ,0.0,Not Reported,3.0,No,No,Lincoln MKT,2002.0,,(PARTNERS EXECUTIVE TRANSPORT),"{'latitude': '40.782137', 'longitude': '-73.826104'}-0.0"
B02727,No,New York City,,0.0,Not Reported,,No,No,Lincoln Town Car,2014.0,,,"{'latitude': '40.803977', 'longitude': '-73.40549'}-0.0"
B01353,No,New York City,BROOKLYN ,0.0,Not Reported,2.0,No,No,Lincoln Town Car,1997.0,,,"{'latitude': '40.617534', 'longitude': '-74.03347'}-0.0"
B01616,No,New York City,QUEENS   ,10.0,Not Reported,3.0,No,Yes,Toyota Camry,1997.0,,(SUNNYSIDE CAR SERVICE),"{'latitude': '40.739709', 'longitude': '-73.890955'}-0.0"
B01693,No,New York City,MANHATTAN,0.0,Not Reported,4.0,No,No,Cadillac DTS,1999.0,,,"{'latitude': '40.773111', 'longitude': '-73.951724'}-0.0"
B01492&,No,New York City,BROOKLYN ,1.0,Not Reported,2.0,No,Yes,Chevrolet Tahoe,1998.0,,,"{'latitude': '40.711192', 'longitude': '-73.951373'}-0.0"
B02569,No,New York City,QUEENS   ,100.0,Not Reported,3.0,No,Yes,,2012.0,,(GO GREENRIDE),"{'latitude': '40.751777', 'longitude': '-73.930235'}-0.0"
B02800,No,New York City,MANHATTAN,0.0,Not Reported,4.0,No,No,Chevrolet Suburban,2014.0,,(VIA-FLATIRON TRANSIT),"{'latitude': '40.74393', 'longitude': '-73.98819'}-0.0"
B00013,No,New York City,BROOKLYN ,32.0,Not Reported,2.0,No,No,Toyota Avalon,1999.0,,,"{'latitude': '40.638477', 'longitude': '-73.983333'}-1.0"
B01601,No,New York City,BROOKLYN ,29.0,Not Reported,2.0,Yes,No,Toyota Prius,1997.0,,,"{'latitude': '40.633303', 'longitude': '-74.026743'}-0.0"
B02003,No,New York City,BROOKLYN ,3.0,Not Reported,2.0,No,No,Chevrolet Suburban,2003.0,,,"{'latitude': '40.638477', 'longitude': '-73.983333'}-1.0"
B02217,No,New York City,QUEENS   ,0.0,Not Reported,3.0,No,No,Chevrolet Suburban,2007.0,{'url': 'http://pcslimo.com'},,"{'latitude': '40.715345', 'longitude': '-73.90172'}-0.0"
B01479,No,New York City,BROOKLYN ,7.0,Not Reported,2.0,No,Yes,Toyota Camry,1999.0,,,"{'latitude': '40.693241', 'longitude': '-73.945613'}-0.0"
B02213,No,New York City,BROOKLYN ,7.0,Not Reported,2.0,No,Yes,Toyota Camry,2007.0,,,"{'latitude': '40.667958', 'longitude': '-73.987'}-0.0"
B00255,No,New York City,QUEENS   ,9.0,Not Reported,3.0,No,No,Toyota Camry,2014.0,,,"{'latitude': '40.685534', 'longitude': '-73.86372'}-0.0"
B02338,No,New York City,QUEENS   ,0.0,Not Reported,3.0,No,No,Ford Crown Victoria,2009.0,,,"{'latitude': '40.687984', 'longitude': '-73.8337'}-0.0"
B02420,No,New York City,BROOKLYN ,0.0,Not Reported,2.0,No,No,Chrysler Town and Country,2010.0,,,"{'latitude': '40.615053', 'longitude': '-73.98053'}-0.0"
B02101,No,New York City,QUEENS   ,6.0,Not Reported,3.0,No,No,Chevrolet Suburban,2004.0,,(EAST COAST WORLDWIDE LIMOUSINE),"{'latitude': '40.755182', 'longitude': '-73.935989'}-0.0"
B00227,No,New York City,QUEENS   ,2.0,Not Reported,3.0,No,No,Toyota Highlander,1999.0,,(TOWN CARS),"{'latitude': '40.754855', 'longitude': '-73.929205'}-2.0"
B00131,No,New York City,BROOKLYN ,18.0,Not Reported,2.0,Yes,No,Toyota Sienna,1997.0,,(AZTECA EXPRESS),"{'latitude': '40.650545', 'longitude': '-74.0042'}-0.0"
B02887,Yes,New York City,MANHATTAN,50.0,Yes,4.0,No,No,Toyota Camry,2015.0,,(EINUNDZWANZIG),"{'latitude': '40.75273', 'longitude': '-74.00641'}-0.0"
B02271,No,New York City,,0.0,Not Reported,,No,No,Cadillac Escalade ESV,2008.0,,,"{'latitude': '40.962195', 'longitude': '-74.249077'}-0.0"
B02228,No,New York City,MANHATTAN,6.0,Not Reported,4.0,No,No,Lincoln Town Car,2007.0,,,"{'latitude': '40.800928', 'longitude': '-73.961258'}-0.0"
B01514,No,New York City,QUEENS   ,0.0,Not Reported,3.0,No,Yes,Toyota Sienna,1997.0,,,"{'latitude': '40.776102', 'longitude': '-73.90208'}-0.0"
B02713,No,New York City,MANHATTAN,0.0,Not Reported,4.0,No,No,Cadillac Escalade,2013.0,,,"{'latitude': '40.751985', 'longitude': '-73.96978'}-0.0"
B00652,No,New York City,BROOKLYN ,0.0,Not Reported,2.0,No,Yes,Toyota Camry,1997.0,,,"{'latitude': '40.672213', 'longitude': '-73.93892'}-0.0"
B02067,Yes,New York City,MANHATTAN,2.0,Not Reported,4.0,No,Yes,Lincoln MKS,2004.0,,,"{'latitude': '40.756839', 'longitude': '-73.999141'}-0.0"
B01066,Yes,Flushing,QUEENS   ,9.0,Not Reported,3.0,No,No,Toyota Camry,1992.0,,,"{'latitude': '40.757541', 'longitude': '-73.867041'}-0.0"
B02729,No,New York City,MANHATTAN,14.0,Not Reported,4.0,No,No,Chevrolet Tahoe,2014.0,,,"{'latitude': '40.86885', 'longitude': '-73.91664'}-0.0"
B01413,No,New York City,QUEENS   ,2.0,Not Reported,3.0,No,No,Lincoln MKS,2000.0,,,"{'latitude': '40.739253', 'longitude': '-73.931942'}-0.0"
B01083,No,New York City,MANHATTAN,38.0,Not Reported,4.0,Yes,No,Toyota Prius,1997.0,,,"{'latitude': '40.864833', 'longitude': '-73.92718'}-0.0"
B02532,No,New York City,QUEENS   ,4.0,Not Reported,3.0,No,No,Acura MDX,2012.0,,,"{'latitude': '40.763441', 'longitude': '-73.828039'}-0.0"
B02860,No,New York City,QUEENS   ,10.0,Not Reported,3.0,No,No,Ford Taurus,2015.0,,,"{'latitude': '40.67239', 'longitude': '-73.82997'}-0.0"
B00548,No,New York City,QUEENS   ,0.0,Not Reported,3.0,No,No,Buick LeSabre,1999.0,,,"{'latitude': '40.712347', 'longitude': '-73.898775'}-0.0"
B01343,No,New York City,BROOKLYN ,0.0,Not Reported,2.0,No,No,Ford Crown Victoria,1996.0,,,"{'latitude': '40.650332', 'longitude': '-73.930492'}-1.0"
B02536,No,New York City,BROOKLYN ,64.0,Not Reported,2.0,No,No,Nissan Altima,2012.0,,,"{'latitude': '40.59092', 'longitude': '-73.961'}-0.0"
B02716,No,New York City,QUEENS   ,0.0,Not Reported,3.0,No,Yes,,2014.0,,(CLIQCAR),"{'latitude': '40.745178', 'longitude': '-73.928076'}-0.0"
B00381,No,New York City,BROOKLYN ,9.0,Not Reported,2.0,No,No,Toyota Avalon,1999.0,,,"{'latitude': '40.638477', 'longitude': '-73.983333'}-2.0"
B00992,No,New York City,QUEENS   ,0.0,Not Reported,3.0,No,No,Chrysler Touring,1997.0,,(NEW YORKER CAR SERVICE),"{'latitude': '40.765944', 'longitude': '-73.912989'}-0.0"
B02518,No,New York City,,17.0,Not Reported,,No,No,Lincoln Town Car,2011.0,,,"{'latitude': '40.733779', 'longitude': '-73.635348'}-0.0"
B02345,No,New York City,,3.0,Not Reported,,No,No,Chevrolet Suburban,2009.0,,(FLYTE LINE TRANSPORTATION),"{'latitude': '41.083191', 'longitude': '-74.149513'}-0.0"
B02795,No,New York City,BROOKLYN ,44.0,Not Reported,2.0,No,Yes,Toyota Avalon,2014.0,,,"{'latitude': '40.641301', 'longitude': '-73.98238'}-0.0"
B01742,No,New York City,,2.0,Not Reported,,No,No,Chrysler 300,1999.0,,,"{'latitude': '40.7846', 'longitude': '-74.13671'}-0.0"
B02682,Yes,New York City,QUEENS   ,13.0,Yes,3.0,No,No,Toyota Highlander,2013.0,,(SCHMECKEN),"{'latitude': '40.74844', 'longitude': '-73.93946'}-5.0"
B00821,No,New York City,BROOKLYN ,1.0,Not Reported,2.0,Yes,No,Lincoln Town Car,1997.0,,,"{'latitude': '40.682549', 'longitude': '-73.87676'}-1.0"
B02103,No,New York City,BROOKLYN ,31.0,Not Reported,2.0,No,Yes,Lincoln Town Car,2004.0,,,"{'latitude': '40.701213', 'longitude': '-73.943166'}-0.0"
B02414,No,New York City,QUEENS   ,56.0,Not Reported,3.0,Yes,No,Toyota Camry,2010.0,,,"{'latitude': '40.758356', 'longitude': '-73.936101'}-0.0"
%B02845,No,New York City,QUEENS   ,0.0,Not Reported,3.0,No,No,Toyota Sienna,2015.0,,,"{'latitude': '40.764583', 'longitude': '-73.83384'}-0.0"
B02791,No,New York City,,7.0,Not Reported,4.0,No,No,Lincoln Town Car,2014.0,,,"{'latitude': '40.826385', 'longitude': '-73.939036'}-0.0"
B02551,No,New York City,QUEENS   ,0.0,Not Reported,3.0,No,No,Chrysler 300,2012.0,,,"{'latitude': '40.738362', 'longitude': '-73.895646'}-0.0"
B02788,No,New York City,BROOKLYN ,14.0,Not Reported,2.0,No,No,Nissan Altima,2014.0,,(TAKE ME 2 ),"{'latitude': '40.633484', 'longitude': '-74.02124'}-0.0"
B01259,No,New York City,,12.0,Not Reported,2.0,Yes,No,Lincoln Town Car,1997.0,,,"{'latitude': '40.709336', 'longitude': '-73.95656'}-1.0"
B02838,No,New York City,BROOKLYN ,8.0,Not Reported,2.0,No,No,Dodge Caravan,2015.0,,,"{'latitude': '40.622281', 'longitude': '-73.99041'}-0.0"
B00419,Yes,The Bronx,BRONX    ,16.0,Not Reported,5.0,Yes,No,Toyota Sienna,1991.0,,,"{'latitude': '40.853011', 'longitude': '-73.827527'}-0.0"
B02537,No,New York City,BRONX    ,30.0,Not Reported,5.0,Yes,Yes,Lincoln Town Car,2012.0,,,"{'latitude': '40.879679', 'longitude': '-73.906345'}-2.0"
B02707,No,New York City,QUEENS   ,47.0,Not Reported,3.0,Yes,Yes,,2013.0,,,"{'latitude': '40.717166', 'longitude': '-73.857354'}-0.0"
B01808,No,"""Staten Island",STATEN IS,10.6,OLDTOWNCARS@VERIZON.NET            ,1.0," and Southeast Queens""",0,0%,,,(DELTA CARS),"{'latitude': '40.634079', 'longitude': '-74.146169'}-nan"
B02639,No,New York City,BROOKLYN ,19.0,Not Reported,2.0,No,No,Ford Crown Victoria,2013.0,,,"{'latitude': '40.625703', 'longitude': '-73.939761'}-0.0"
B01194,No,Brooklyn,BROOKLYN ,9.0,Not Reported,2.0,No,No,Toyota Camry,1998.0,,,"{'latitude': '40.697777', 'longitude': '-73.926688'}-0.0"
B02864,Yes,New York City,MANHATTAN,12.0,Yes,4.0,No,No,Honda Accord,2015.0,,(SIEBEN),"{'latitude': '40.75242', 'longitude': '-74.006218'}-0.0"
B02263,No,New York City,QUEENS   ,6.0,Not Reported,3.0,No,Yes,Chevrolet Suburban,2008.0,,,"{'latitude': '40.75818', 'longitude': '-73.942556'}-0.0"
B02613,No,New York City,BROOKLYN ,0.0,Not Reported,2.0,No,No,Lincoln Town Car,2013.0,,(NYS CAR SERVICE),"{'latitude': '40.679483', 'longitude': '-73.886635'}-0.0"
B00469,No,New York City,BROOKLYN ,5.0,Not Reported,2.0,No,No,Lincoln Town Car,1997.0,,(MY WAY),"{'latitude': '40.615064', 'longitude': '-74.013281'}-0.0"
B01351,No,Brooklyn,BROOKLYN ,15.0,No,2.0,Yes,No,Ford Crown Victoria,2010.0,,,"{'latitude': '40.629082', 'longitude': '-73.98057'}-0.0"
B02252,No,New York City,QUEENS   ,0.0,Not Reported,3.0,No,Yes,Ford E350,2008.0,,,"{'latitude': '40.761168', 'longitude': '-73.830606'}-0.0"
B00531,No,New York City,BROOKLYN ,16.0,Not Reported,2.0,Yes,No,Toyota Sienna,1999.0,,,"{'latitude': '40.622131', 'longitude': '-73.96493'}-0.0"
B02382,No,New York City,BROOKLYN ,0.0,Not Reported,2.0,No,No,Toyota Avalon,2010.0,,,"{'latitude': '40.592698', 'longitude': '-73.948855'}-0.0"
B00991,No,New York City,QUEENS   ,0.0,Not Reported,3.0,No,No,Ford Crown Victoria,1997.0,,(BLUE LANE CAR SERVICE),"{'latitude': '40.682799', 'longitude': '-73.841307'}-0.0"
B00373,No,New York City,BROOKLYN ,0.0,Not Reported,2.0,Yes,No,Ford Crown Victoria,1997.0,,,"{'latitude': '40.680078', 'longitude': '-73.958011'}-0.0"
B01848,No,New York City,QUEENS   ,30.0,Not Reported,3.0,Yes,No,Lincoln Town Car,1999.0,,,"{'latitude': '40.755937', 'longitude': '-73.92898'}-2.0"
B01190,No,New York City,BROOKLYN ,10.0,Not Reported,2.0,Yes,No,Toyota Camry,1998.0,,,"{'latitude': '40.694109', 'longitude': '-73.95885'}-0.0"
B00919,No,New York City,MANHATTAN,2.0,Not Reported,4.0,Yes,No,Toyota Camry,1997.0,,,"{'latitude': '40.807098', 'longitude': '-73.952675'}-0.0"
B01764,No,New York City,MANHATTAN,6.0,Not Reported,4.0,No,No,Toyota Sienna,2000.0,,,"{'latitude': '40.716178', 'longitude': '-73.992475'}-0.0"
B01938,No,New York City,,0.0,Not Reported,,No,No,Lincoln MKS,2001.0,,,"{'latitude': '40.717012', 'longitude': '-73.406118'}-0.0"
h01336,No,New York City,BROOKLYN ,66.0,Not Reported,2.0,No,No,Chrysler Town and Country,1996.0,,,"{'latitude': '40.602225', 'longitude': '-73.99315'}-0.0"
B00881,No,New York City,QUEENS   ,0.0,Not Reported,3.0,No,No,Mercury Grand Marquis,1996.0,,,"{'latitude': '40.67983', 'longitude': '-73.844979'}-0.0"
B02785,No,New York City,QUEENS   ,0.0,Not Reported,3.0,No,Yes,Nissan Sentra,2014.0,,,"{'latitude': '40.759391', 'longitude': '-73.919358'}-0.0"
B00290,No,New York City,QUEENS   ,2.0,Not Reported,3.0,Yes,Yes,Toyota Camry,1999.0,,(NATIONAL HIGH CLASS),"{'latitude': '40.752235', 'longitude': '-73.85365'}-0.0"
B02835,Yes,New York City,QUEENS   ,16.0,Yes,3.0,No,No,Toyota Highlander,2015.0,,(DREIST),"{'latitude': '40.74844', 'longitude': '-73.93946'}-0.0"
B00888,No,New York City,BROOKLYN ,20.0,Not Reported,2.0,No,No,Lincoln Town Car,2000.0,,,"{'latitude': '40.638477', 'longitude': '-73.983333'}-1.0"
B00889,Yes,New York City,QUEENS   ,3.0,Not Reported,3.0,No,Yes,Chevrolet Tahoe,1991.0,{'url': 'http://www.mexicanacarlimo.com'},,"{'latitude': '40.752792', 'longitude': '-73.88013'}-0.0"
B02339,No,New York City,QUEENS   ,0.0,Not Reported,3.0,No,Yes,Cadillac Escalade,2009.0,,,"{'latitude': '40.776091', 'longitude': '-73.89722'}-0.0"
B00037,No,New York City,BROOKLYN ,4.0,Not Reported,2.0,No,No,Toyota Camry,1997.0,,,"{'latitude': '40.657261', 'longitude': '-73.95051'}-0.0"
B02465,No,New York City,QUEENS   ,0.0,Not Reported,3.0,No,No,Chevrolet Tahoe,2011.0,,(DIAL 7 CAR & LIMOUSINE SERVICE),"{'latitude': '40.745471', 'longitude': '-73.92933'}-0.0"
B02776,No,New York City,QUEENS   ,22.0,Not Reported,3.0,No,No,Chevrolet Tahoe,2014.0,,,"{'latitude': '40.771734', 'longitude': '-73.926731'}-0.0"
B02882,Yes,New York City,MANHATTAN,27.0,Yes,4.0,No,No,Hyundai Sonata,2015.0,,(ZWANZIG),"{'latitude': '40.75273', 'longitude': '-74.00641'}-0.0"
B01455,No,New York City,QUEENS   ,12.0,Not Reported,3.0,Yes,No,Lincoln Town Car,1998.0,,,"{'latitude': '40.742387', 'longitude': '-73.871082'}-0.0"
B01804,No,New York City,,0.0,Not Reported,,No,No,Ford Expedition,1998.0,,,"{'latitude': '40.767439', 'longitude': '-73.532154'}-0.0"
B01451,No,New York City,BROOKLYN ,34.0,Not Reported,2.0,Yes,Yes,Ford Escape,1997.0,,(COURT EXPRESS CAR AND LIMO SERVICE),"{'latitude': '40.675605', 'longitude': '-73.99941'}-0.0"
B02554,No,New York City,,0.0,Not Reported,,No,No,Chevrolet Suburban,2012.0,,,"{'latitude': '40.755027', 'longitude': '-73.693562'}-0.0"
B01200,No,New York City,BROOKLYN ,3.0,Not Reported,2.0,Yes,Yes,Toyota Camry,1997.0,,(N Y LIMO & CAR SERVICE),"{'latitude': '40.689376', 'longitude': '-73.91839'}-0.0"
B02670,No,New York City,QUEENS   ,0.0,Not Reported,3.0,No,No,Cadillac XTS,2013.0,,,"{'latitude': '40.765428', 'longitude': '-73.886184'}-0.0"
B02457,No,New York City,QUEENS   ,0.0,Not Reported,3.0,No,Yes,Chevrolet Tahoe,2011.0,,,"{'latitude': '40.737289', 'longitude': '-73.89592'}-0.0"
B00111,No,New York City,QUEENS   ,3.0,Not Reported,3.0,No,No,Toyota Highlander,1999.0,,,"{'latitude': '40.735627', 'longitude': '-73.93612'}-0.0"
B02662,No,New York City,,0.0,Not Reported,,No,No,Chevrolet Suburban,2013.0,,,"{'latitude': '40.830027', 'longitude': '-73.9723'}-0.0"
B01594,No,New York City,QUEENS   ,7.0,Not Reported,3.0,Yes,No,Toyota Camry,1997.0,,(ACROPOLIS),"{'latitude': '40.778662', 'longitude': '-73.91488'}-0.0"
B01020,No,Crown Heights,BROOKLYN ,4.0,No,2.0,No,No,Lincoln Town Car,1992.0,,(UNION LIMO AND CAR SERVICE ),"{'latitude': '40.668591', 'longitude': '-73.942117'}-0.0"
B01651,No,New York City,BRONX    ,6.0,Not Reported,5.0,Yes,No,Lincoln Town Car,1996.0,,(WIRELESS CAR SERVICE),"{'latitude': '40.831538', 'longitude': '-73.88181'}-1.0"
B01537,No,New York City,STATEN IS,0.0,Not Reported,1.0,Yes,No,Honda Odyssey,1997.0,,,"{'latitude': '40.551208', 'longitude': '-74.150337'}-0.0"
B02111,No,New York City,QUEENS   ,6.0,Not Reported,3.0,No,No,Toyota Camry,2005.0,,(HUANG HOU CAR SERVICES),"{'latitude': '40.763587', 'longitude': '-73.831238'}-1.0"
b02772,No,New York City,QUEENS   ,26.0,Not Reported,3.0,Yes,No,Cadillac Escalade,2014.0,,,"{'latitude': '40.701122', 'longitude': '-73.83138'}-0.0"
B00095,No,New York City,QUEENS   ,5.0,Not Reported,3.0,No,Yes,Toyota Camry,1997.0,,,"{'latitude': '40.70305', 'longitude': '-73.907668'}-0.0"
B01195,No,New York City,BROOKLYN ,0.0,Not Reported,2.0,No,Yes,Ford Crown Victoria,1999.0,,,"{'latitude': '40.629636', 'longitude': '-74.028811'}-0.0"
B01 051,No,New York City,BRONX    ,5.0,Not Reported,5.0,Yes,No,Honda Accord,1999.0,,,"{'latitude': '40.819497', 'longitude': '-73.88907'}-2.0"
B02705,No,New York City,,0.0,Not Reported,,No,No,BMW 7-Series,2013.0,,,"{'latitude': '40.897082', 'longitude': '-74.09972'}-0.0"
B02429,No,New York City,BROOKLYN ,57.0,Not Reported,2.0,No,No,Toyota Sienna,2010.0,,,"{'latitude': '40.59092', 'longitude': '-73.961'}-0.0"
B02652,No,Manhattan & Queens,QUEENS   ,2.0,Not Reported,3.0,No,No,Chrysler 300,2013.0,{'url': 'http://patroncarandlimo.com'},,"{'latitude': '40.740154', 'longitude': '-73.8646'}-0.0"
B00196,No,New York City,MANHATTAN,2.0,Not Reported,4.0,Yes,Yes,Toyota Camry,1997.0,,,"{'latitude': '40.797323', 'longitude': '-73.9393'}-0.0"
B01923,Yes,New York City,,0.0,Not Reported,,No,No,Cadillac XTS,1985.0,{'url': 'http://WWW.DIVALIMO.COM'},,"{'latitude': '40.647572', 'longitude': '-74.192462'}-0.0"
B02541,No,New York City,QUEENS   ,0.0,Not Reported,3.0,Yes,No,Chevrolet Tahoe,2012.0,,,"{'latitude': '40.74272', 'longitude': '-73.92612'}-0.0"
B02777,No,New York City,QUEENS   ,6.0,Not Reported,3.0,No,No,Ford Crown Victoria,2014.0,,,"{'latitude': '40.771734', 'longitude': '-73.926731'}-0.0"
B02475,No,New York City,BROOKLYN ,10.0,Not Reported,2.0,No,No,Toyota Camry,2011.0,,,"{'latitude': '40.732487', 'longitude': '-73.95427'}-0.0"
B02050,No,New York City,QUEENS   ,15.0,Not Reported,3.0,No,No,Toyota Camry,2003.0,,,"{'latitude': '40.688403', 'longitude': '-73.819306'}-0.0"
B01236,Yes,New York City,QUEENS   ,5.0,Not Reported,3.0,No,No,Cadillac Escalade,1981.0,{'url': 'http://www.blslimo.com'},,"{'latitude': '40.779966', 'longitude': '-73.898038'}-0.0"
B02533,No,New York City,QUEENS   ,8.0,Not Reported,3.0,No,Yes,Honda Pilot Touring 4WD,2012.0,,,"{'latitude': '40.746697', 'longitude': '-73.926818'}-0.0"
B02249,No,New York City,QUEENS   ,2.0,Not Reported,3.0,No,No,Toyota Camry,2008.0,,,"{'latitude': '40.759225', 'longitude': '-73.887802'}-0.0"
B02147,No,New York City,MANHATTAN,0.0,Not Reported,4.0,No,Yes,Cadillac Escalade,2006.0,,,"{'latitude': '40.746496', 'longitude': '-73.98547'}-0.0"
B01741,No,New York City,BROOKLYN ,3.0,Not Reported,2.0,No,Yes,Toyota Camry,1997.0,,,"{'latitude': '40.675852', 'longitude': '-73.96356'}-0.0"
B00272,No,New York City,BROOKLYN ,3.0,Not Reported,2.0,No,No,Lincoln Town Car,1989.0,{'url': 'http://www.bigapplecar.com'},,"{'latitude': '40.604428', 'longitude': '-74.006622'}-0.0"
B02113,No,New York City,,0.0,Not Reported,,No,No,Cadillac Escalade,2005.0,,,"{'latitude': '40.823087', 'longitude': '-74.155516'}-0.0"
B02248,No,New York City,BROOKLYN ,92.0,Not Reported,2.0,No,No,Toyota Sienna,2008.0,,,"{'latitude': '40.678782', 'longitude': '-73.989979'}-0.0"
B02426,Yes,New York City,QUEENS   ,0.0,Not Reported,3.0,No,No,Chevrolet Suburban,2010.0,{'url': 'http://us.tristarworldwide.com'},(TRISTAR WORLDWIDE CHAUFFEURED SERVICES),"{'latitude': '40.765597', 'longitude': '-73.83262'}-0.0"
